g_id,home_team,away_team,home_final_score,away_final_score,date
201900001,oak,ana,4,0,3/28/2019
201900002,lan,ari,12,5,3/28/2019
201900003,phi,atl,10,4,3/28/2019
201900004,nya,bal,7,2,3/28/2019
201900005,sea,bos,12,4,3/28/2019
201900006,kca,cha,5,3,3/28/2019
201900007,tex,chn,4,12,3/28/2019
201900008,min,cle,2,0,3/28/2019
201900009,mia,col,3,6,3/28/2019
201900010,tor,det,0,2,3/28/2019
201900011,tba,hou,1,5,3/28/2019
201900012,was,nyn,0,2,3/28/2019
201900013,cin,pit,5,3,3/28/2019
201900014,sdn,sfn,2,0,3/28/2019
201900015,mil,sln,5,4,3/28/2019
201900016,oak,ana,2,6,3/29/2019
201900017,lan,ari,4,5,3/29/2019
201900018,sea,bos,6,7,3/29/2019
201900019,mia,col,1,6,3/29/2019
201900020,tor,det,6,0,3/29/2019
201900021,tba,hou,4,2,3/29/2019
201900022,sdn,sfn,4,1,3/29/2019
201900023,mil,sln,5,9,3/29/2019
201900024,oak,ana,4,2,3/30/2019
201900025,lan,ari,18,5,3/30/2019
201900026,phi,atl,8,6,3/30/2019
201900027,nya,bal,3,5,3/30/2019
201900028,sea,bos,6,5,3/30/2019
201900029,kca,cha,8,6,3/30/2019
201900030,tex,chn,8,6,3/30/2019
201900031,min,cle,1,2,3/30/2019
201900032,mia,col,7,3,3/30/2019
201900033,tor,det,3,0,3/30/2019
201900034,tba,hou,3,1,3/30/2019
201900035,was,nyn,8,11,3/30/2019
201900036,sdn,sfn,2,3,3/30/2019
201900037,mil,sln,4,2,3/30/2019
201900038,oak,ana,2,1,3/31/2019
201900039,lan,ari,8,7,3/31/2019
201900040,phi,atl,5,1,3/31/2019
201900041,nya,bal,5,7,3/31/2019
201900042,sea,bos,10,8,3/31/2019
201900043,kca,cha,3,6,3/31/2019
201900044,tex,chn,11,10,3/31/2019
201900045,min,cle,9,3,3/31/2019
201900046,mia,col,3,0,3/31/2019
201900047,tor,det,3,4,3/31/2019
201900048,tba,hou,3,1,3/31/2019
201900049,was,nyn,6,5,3/31/2019
201900050,cin,pit,0,5,3/31/2019
201900051,sdn,sfn,3,1,3/31/2019
201900052,mil,sln,5,4,3/31/2019
201900053,sea,ana,6,3,4/1/2019
201900054,sdn,ari,3,10,4/1/2019
201900055,tor,bal,5,6,4/1/2019
201900056,oak,bos,7,0,4/1/2019
201900057,cle,cha,5,3,4/1/2019
201900058,atl,chn,8,0,4/1/2019
201900059,tba,col,7,1,4/1/2019
201900060,nya,det,3,1,4/1/2019
201900061,tex,hou,1,2,4/1/2019
201900062,cin,mil,3,4,4/1/2019
201900063,mia,nyn,3,7,4/1/2019
201900064,lan,sfn,2,4,4/1/2019
201900065,pit,sln,5,6,4/1/2019
201900066,sea,ana,2,1,4/2/2019
201900067,sdn,ari,5,8,4/2/2019
201900068,tor,bal,1,2,4/2/2019
201900069,oak,bos,1,0,4/2/2019
201900070,tba,col,4,0,4/2/2019
201900071,nya,det,1,3,4/2/2019
201900072,tex,hou,6,4,4/2/2019
201900073,cin,mil,3,4,4/2/2019
201900074,kca,min,4,5,4/2/2019
201900075,mia,nyn,5,6,4/2/2019
201900076,was,phi,2,8,4/2/2019
201900077,lan,sfn,6,5,4/2/2019
201900078,sdn,ari,4,1,4/3/2019
201900079,tor,bal,5,3,4/3/2019
201900080,oak,bos,3,6,4/3/2019
201900081,cle,cha,3,8,4/3/2019
201900082,atl,chn,6,4,4/3/2019
201900083,tba,col,0,1,4/3/2019
201900084,nya,det,1,2,4/3/2019
201900085,tex,hou,4,0,4/3/2019
201900086,cin,mil,0,1,4/3/2019
201900087,kca,min,6,7,4/3/2019
201900088,mia,nyn,4,6,4/3/2019
201900089,was,phi,9,8,4/3/2019
201900090,lan,sfn,5,3,4/3/2019
201900091,pit,sln,4,5,4/3/2019
201900092,oak,bos,7,3,4/4/2019
201900093,atl,chn,9,4,4/4/2019
201900094,pit,cin,2,0,4/4/2019
201900095,det,kca,5,4,4/4/2019
201900096,bal,nya,4,8,4/4/2019
201900097,ana,tex,4,11,4/4/2019
201900098,cle,tor,4,1,4/4/2019
201900099,nyn,was,0,4,4/4/2019
201900100,ari,bos,15,8,4/5/2019
201900101,mil,chn,13,10,4/5/2019
201900102,pit,cin,2,0,4/5/2019
201900103,col,lan,6,10,4/5/2019
201900104,atl,mia,4,0,4/5/2019
201900105,phi,min,10,4,4/5/2019
201900106,hou,oak,3,2,4/5/2019
201900107,sln,sdn,3,5,4/5/2019
201900108,cha,sea,10,8,4/5/2019
201900109,sfn,tba,2,5,4/5/2019
201900110,ana,tex,3,1,4/5/2019
201900111,cle,tor,3,2,4/5/2019
201900112,ari,bos,5,4,4/6/2019
201900113,mil,chn,8,14,4/6/2019
201900114,pit,cin,6,5,4/6/2019
201900115,det,kca,7,4,4/6/2019
201900116,col,lan,2,7,4/6/2019
201900117,atl,mia,2,4,4/6/2019
201900118,phi,min,2,6,4/6/2019
201900119,bal,nya,4,6,4/6/2019
201900120,hou,oak,6,0,4/6/2019
201900121,sln,sdn,4,6,4/6/2019
201900122,cha,sea,2,9,4/6/2019
201900123,sfn,tba,6,4,4/6/2019
201900124,ana,tex,5,1,4/6/2019
201900125,cle,tor,7,2,4/6/2019
201900126,nyn,was,6,5,4/6/2019
201900127,ari,bos,0,1,4/7/2019
201900128,mil,chn,4,2,4/7/2019
201900129,pit,cin,7,5,4/7/2019
201900130,det,kca,3,1,4/7/2019
201900131,col,lan,6,12,4/7/2019
201900132,atl,mia,4,3,4/7/2019
201900133,phi,min,2,1,4/7/2019
201900134,bal,nya,3,15,4/7/2019
201900135,hou,oak,9,8,4/7/2019
201900136,sln,sdn,4,1,4/7/2019
201900137,cha,sea,5,12,4/7/2019
201900138,sfn,tba,0,3,4/7/2019
201900139,ana,tex,7,2,4/7/2019
201900140,cle,tor,3,1,4/7/2019
201900141,nyn,was,9,12,4/7/2019
201900142,col,atl,6,8,4/8/2019
201900143,sln,lan,4,3,4/8/2019
201900144,ana,mil,5,2,4/8/2019
201900145,hou,nya,4,3,4/8/2019
201900146,bal,oak,12,4,4/8/2019
201900147,chn,pit,10,0,4/8/2019
201900148,sfn,sdn,5,6,4/8/2019
201900149,kca,sea,5,13,4/8/2019
201900150,cha,tba,1,5,4/8/2019
201900151,phi,was,4,3,4/8/2019
201900152,col,atl,1,7,4/9/2019
201900153,det,cle,2,8,4/9/2019
201900154,sln,lan,4,0,4/9/2019
201900155,cin,mia,14,0,4/9/2019
201900156,ana,mil,11,8,4/9/2019
201900157,nyn,min,8,14,4/9/2019
201900158,hou,nya,6,3,4/9/2019
201900159,bal,oak,2,13,4/9/2019
201900160,sfn,sdn,7,2,4/9/2019
201900161,kca,sea,3,6,4/9/2019
201900162,cha,tba,5,10,4/9/2019
201900163,ari,tex,5,4,4/9/2019
201900164,bos,tor,5,7,4/9/2019
201900165,phi,was,6,10,4/9/2019
201900166,det,cle,4,1,4/10/2019
201900167,sln,lan,7,2,4/10/2019
201900168,cin,mia,2,1,4/10/2019
201900169,ana,mil,4,2,4/10/2019
201900170,nyn,min,9,6,4/10/2019
201900171,hou,nya,8,6,4/10/2019
201900172,bal,oak,3,10,4/10/2019
201900173,chn,pit,2,5,4/10/2019
201900174,sfn,sdn,1,3,4/10/2019
201900175,kca,sea,5,6,4/10/2019
201900176,cha,tba,1,9,4/10/2019
201900177,ari,tex,2,5,4/10/2019
201900178,phi,was,1,15,4/10/2019
201900179,det,cle,0,4,4/11/2019
201900180,sfn,col,1,0,4/11/2019
201900181,sln,lan,11,7,4/11/2019
201900182,cin,mia,5,0,4/11/2019
201900183,atl,nyn,3,6,4/11/2019
201900184,bal,oak,5,8,4/11/2019
201900185,chn,pit,2,0,4/11/2019
201900186,ari,sdn,6,7,4/11/2019
201900187,kca,sea,6,7,4/11/2019
201900188,bos,tor,7,6,4/11/2019
201900189,chn,ana,5,1,4/12/2019
201900190,bos,bal,6,4,4/12/2019
201900191,nya,cha,6,9,4/12/2019
201900192,kca,cle,8,1,4/12/2019
201900193,sfn,col,3,2,4/12/2019
201900194,sea,hou,6,10,4/12/2019
201900195,lan,mil,5,8,4/12/2019
201900196,atl,nyn,2,6,4/12/2019
201900197,tex,oak,6,8,4/12/2019
201900198,mia,phi,1,9,4/12/2019
201900199,was,pit,3,6,4/12/2019
201900200,ari,sdn,1,2,4/12/2019
201900201,tor,tba,7,11,4/12/2019
201900202,chn,ana,5,6,4/13/2019
201900203,bos,bal,5,9,4/13/2019
201900204,nya,cha,4,0,4/13/2019
201900205,kca,cle,3,0,4/13/2019
201900206,sfn,col,5,2,4/13/2019
201900207,min,det,4,3,4/13/2019
201900208,sea,hou,1,3,4/13/2019
201900209,lan,mil,1,4,4/13/2019
201900210,atl,nyn,11,7,4/13/2019
201900211,mia,phi,10,3,4/13/2019
201900212,was,pit,3,2,4/13/2019
201900213,ari,sdn,4,5,4/13/2019
201900214,cin,sln,5,2,4/13/2019
201900215,tor,tba,3,1,4/13/2019
201900216,bos,bal,4,0,4/14/2019
201900217,nya,cha,2,5,4/14/2019
201900218,kca,cle,9,8,4/14/2019
201900219,sfn,col,0,4,4/14/2019
201900220,min,det,6,4,4/14/2019
201900221,sea,hou,2,3,4/14/2019
201900222,lan,mil,7,1,4/14/2019
201900223,atl,nyn,7,3,4/14/2019
201900224,tex,oak,8,7,4/14/2019
201900225,mia,phi,1,3,4/14/2019
201900226,was,pit,3,4,4/14/2019
201900227,ari,sdn,8,4,4/14/2019
201900228,cin,sln,5,9,4/14/2019
201900229,tor,tba,4,8,4/14/2019
201900230,tex,ana,12,7,4/15/2019
201900231,bos,bal,1,8,4/15/2019
201900232,mia,chn,2,7,4/15/2019
201900233,lan,cin,4,3,4/15/2019
201900234,sea,cle,4,6,4/15/2019
201900235,sdn,col,2,5,4/15/2019
201900236,cha,kca,5,4,4/15/2019
201900237,phi,nyn,6,7,4/15/2019
201900238,mil,sln,10,7,4/15/2019
201900239,min,tor,3,5,4/15/2019
201900240,tex,ana,5,0,4/16/2019
201900241,atl,ari,6,9,4/16/2019
201900242,tba,bal,4,2,4/16/2019
201900243,nya,bos,8,0,4/16/2019
201900244,mia,chn,0,4,4/16/2019
201900245,lan,cin,6,1,4/16/2019
201900246,sea,cle,2,4,4/16/2019
201900247,sdn,col,2,8,4/16/2019
201900248,oak,hou,1,9,4/16/2019
201900249,cha,kca,5,1,4/16/2019
201900250,phi,nyn,14,3,4/16/2019
201900251,det,pit,3,5,4/16/2019
201900252,was,sfn,3,7,4/16/2019
201900253,mil,sln,8,4,4/16/2019
201900254,min,tor,5,6,4/16/2019
201900255,tex,ana,5,4,4/17/2019
201900256,atl,ari,2,3,4/17/2019
201900257,tba,bal,8,1,4/17/2019
201900258,nya,bos,5,3,4/17/2019
201900259,mia,chn,0,6,4/17/2019
201900260,lan,cin,3,2,4/17/2019
201900261,sea,cle,0,1,4/17/2019
201900262,oak,hou,2,1,4/17/2019
201900263,cha,kca,3,4,4/17/2019
201900264,phi,nyn,3,2,4/17/2019
201900265,det,pit,2,3,4/17/2019
201900266,was,sfn,9,6,4/17/2019
201900267,mil,sln,3,6,4/17/2019
201900268,min,tor,4,1,4/17/2019
201900269,atl,ari,1,4,4/18/2019
201900270,tba,bal,5,6,4/18/2019
201900271,det,cha,9,7,4/18/2019
201900272,sdn,cin,1,4,4/18/2019
201900273,nya,kca,1,6,4/18/2019
201900274,mil,lan,1,3,4/18/2019
201900275,col,phi,6,2,4/18/2019
201900276,ana,sea,10,11,4/18/2019
201900277,was,sfn,4,2,4/18/2019
201900278,min,tor,4,7,4/18/2019
201900279,chn,ari,5,1,4/19/2019
201900280,tba,bos,4,6,4/19/2019
201900281,det,cha,3,7,4/19/2019
201900282,sdn,cin,2,3,4/19/2019
201900283,tex,hou,2,7,4/19/2019
201900284,nya,kca,6,2,4/19/2019
201900285,mil,lan,3,5,4/19/2019
201900286,sln,nyn,4,5,4/19/2019
201900287,col,phi,4,3,4/19/2019
201900288,ana,sea,3,5,4/19/2019
201900289,pit,sfn,4,1,4/19/2019
201900290,oak,tor,1,5,4/19/2019
201900291,mia,was,3,2,4/19/2019
201900292,chn,ari,0,6,4/20/2019
201900293,cle,atl,8,4,4/20/2019
201900294,cle,atl,7,8,4/20/2019
201900295,tba,bos,5,6,4/20/2019
201900296,sdn,cin,2,4,4/20/2019
201900297,tex,hou,9,4,4/20/2019
201900298,nya,kca,9,2,4/20/2019
201900299,mil,lan,5,0,4/20/2019
201900300,bal,min,5,6,4/20/2019
201900301,bal,min,7,16,4/20/2019
201900302,sln,nyn,10,2,4/20/2019
201900303,col,phi,5,8,4/20/2019
201900304,ana,sea,5,6,4/20/2019
201900305,pit,sfn,3,1,4/20/2019
201900306,oak,tor,1,10,4/20/2019
201900307,mia,was,9,3,4/20/2019
201900308,chn,ari,2,1,4/21/2019
201900309,cle,atl,5,11,4/21/2019
201900310,tba,bos,3,4,4/21/2019
201900311,det,cha,4,3,4/21/2019
201900312,sdn,cin,4,3,4/21/2019
201900313,tex,hou,11,10,4/21/2019
201900314,nya,kca,7,6,4/21/2019
201900315,mil,lan,5,6,4/21/2019
201900316,bal,min,3,4,4/21/2019
201900317,sln,nyn,6,4,4/21/2019
201900318,col,phi,4,1,4/21/2019
201900319,ana,sea,8,6,4/21/2019
201900320,pit,sfn,2,3,4/21/2019
201900321,oak,tor,4,5,4/21/2019
201900322,mia,was,0,5,4/21/2019
201900323,pit,ari,4,12,4/22/2019
201900324,bal,cha,2,12,4/22/2019
201900325,tba,kca,6,3,4/22/2019
201900326,sln,mil,13,5,4/22/2019
201900327,hou,min,5,9,4/22/2019
201900328,ana,nya,3,4,4/22/2019
201900329,nyn,phi,5,1,4/22/2019
201900330,oak,tex,6,1,4/22/2019
201900331,col,was,7,5,4/22/2019
201900332,pit,ari,1,2,4/23/2019
201900333,cin,atl,7,6,4/23/2019
201900334,bal,cha,9,1,4/23/2019
201900335,bos,det,4,7,4/23/2019
201900336,bos,det,2,4,4/23/2019
201900337,tba,kca,5,2,4/23/2019
201900338,chn,lan,7,2,4/23/2019
201900339,cle,mia,1,3,4/23/2019
201900340,sln,mil,4,3,4/23/2019
201900341,hou,min,10,4,4/23/2019
201900342,ana,nya,5,7,4/23/2019
201900343,nyn,phi,9,0,4/23/2019
201900344,sdn,sea,6,3,4/23/2019
201900345,tor,sfn,6,7,4/23/2019
201900346,oak,tex,11,5,4/23/2019
201900347,col,was,3,6,4/23/2019
201900348,pit,ari,2,11,4/24/2019
201900349,cin,atl,1,3,4/24/2019
201900350,bal,cha,4,3,4/24/2019
201900351,bos,det,11,4,4/24/2019
201900352,tba,kca,2,10,4/24/2019
201900353,chn,lan,7,6,4/24/2019
201900354,cle,mia,6,2,4/24/2019
201900355,sln,mil,5,2,4/24/2019
201900356,hou,min,7,1,4/24/2019
201900357,ana,nya,5,6,4/24/2019
201900358,nyn,phi,0,6,4/24/2019
201900359,sdn,sea,1,0,4/24/2019
201900360,tor,sfn,0,4,4/24/2019
201900361,oak,tex,6,5,4/24/2019
201900362,col,was,9,5,4/24/2019
201900363,pit,ari,0,5,4/25/2019
201900364,cin,atl,4,2,4/25/2019
201900365,hou,cle,1,2,4/25/2019
201900366,bos,det,7,3,4/25/2019
201900367,chn,lan,1,2,4/25/2019
201900368,phi,mia,1,3,4/25/2019
201900369,ana,nya,11,5,4/25/2019
201900370,sea,tex,14,2,4/25/2019
201900371,kca,ana,1,5,4/26/2019
201900372,min,bal,6,1,4/26/2019
201900373,ari,chn,8,3,4/26/2019
201900374,sln,cin,1,12,4/26/2019
201900375,hou,cle,3,6,4/26/2019
201900376,atl,col,4,8,4/26/2019
201900377,cha,det,12,11,4/26/2019
201900378,phi,mia,4,0,4/26/2019
201900379,nyn,mil,2,10,4/26/2019
201900380,sfn,nya,3,7,4/26/2019
201900381,tor,oak,4,2,4/26/2019
201900382,lan,pit,6,2,4/26/2019
201900383,was,sdn,3,4,4/26/2019
201900384,sea,tex,5,4,4/26/2019
201900385,kca,ana,9,4,4/27/2019
201900386,min,bal,9,2,4/27/2019
201900387,ari,chn,1,9,4/27/2019
201900388,sln,cin,6,3,4/27/2019
201900389,hou,cle,4,3,4/27/2019
201900390,atl,col,5,9,4/27/2019
201900391,phi,mia,12,9,4/27/2019
201900392,nyn,mil,6,8,4/27/2019
201900393,sfn,nya,4,6,4/27/2019
201900394,tor,oak,7,1,4/27/2019
201900395,lan,pit,3,1,4/27/2019
201900396,was,sdn,3,8,4/27/2019
201900397,bos,tba,1,2,4/27/2019
201900398,sea,tex,1,15,4/27/2019
201900399,kca,ana,3,7,4/28/2019
201900400,min,bal,4,1,4/28/2019
201900401,ari,chn,5,6,4/28/2019
201900402,sln,cin,5,2,4/28/2019
201900403,hou,cle,4,1,4/28/2019
201900404,atl,col,8,7,4/28/2019
201900405,cha,det,4,1,4/28/2019
201900406,phi,mia,5,1,4/28/2019
201900407,nyn,mil,5,2,4/28/2019
201900408,sfn,nya,5,11,4/28/2019
201900409,tor,oak,5,4,4/28/2019
201900410,lan,pit,7,6,4/28/2019
201900411,was,sdn,7,6,4/28/2019
201900412,bos,tba,2,5,4/28/2019
201900413,sea,tex,1,14,4/28/2019
201900414,cha,bal,5,3,4/29/2019
201900415,nyn,cin,4,5,4/29/2019
201900416,mil,col,5,1,4/29/2019
201900417,min,hou,1,0,4/29/2019
201900418,sfn,lan,3,2,4/29/2019
201900419,bos,oak,9,4,4/29/2019
201900420,atl,sdn,3,1,4/29/2019
201900421,was,sln,3,6,4/29/2019
201900422,kca,tba,5,8,4/29/2019
201900423,sea,chn,5,6,4/30/2019
201900424,nyn,cin,4,3,4/30/2019
201900425,mia,cle,4,7,4/30/2019
201900426,mil,col,4,3,4/30/2019
201900427,phi,det,1,3,4/30/2019
201900428,min,hou,0,11,4/30/2019
201900429,sfn,lan,3,10,4/30/2019
201900430,ari,nya,3,1,4/30/2019
201900431,bos,oak,5,1,4/30/2019
201900432,tex,pit,4,6,4/30/2019
201900433,atl,sdn,3,4,4/30/2019
201900434,was,sln,2,3,4/30/2019
201900435,ana,tor,4,3,4/30/2019
201900436,cha,bal,4,5,5/1/2019
201900437,cha,bal,7,6,5/1/2019
201900438,sea,chn,0,11,5/1/2019
201900439,nyn,cin,0,1,5/1/2019
201900440,mia,cle,4,2,5/1/2019
201900441,mil,col,4,11,5/1/2019
201900442,phi,det,7,3,5/1/2019
201900443,min,hou,6,2,5/1/2019
201900444,sfn,lan,2,1,5/1/2019
201900445,ari,nya,3,2,5/1/2019
201900446,bos,oak,7,3,5/1/2019
201900447,tex,pit,5,7,5/1/2019
201900448,atl,sdn,5,1,5/1/2019
201900449,was,sln,1,5,5/1/2019
201900450,kca,tba,3,2,5/1/2019
201900451,kca,tba,8,2,5/1/2019
201900452,ana,tor,6,3,5/1/2019
201900453,cha,bos,6,4,5/2/2019
201900454,nyn,cin,1,0,5/2/2019
201900455,mil,col,6,11,5/2/2019
201900456,min,hou,8,2,5/2/2019
201900457,atl,sdn,2,11,5/2/2019
201900458,was,sln,2,1,5/2/2019
201900459,kca,tba,1,3,5/2/2019
201900460,ana,tor,6,2,5/2/2019
201900461,col,ari,9,10,5/3/2019
201900462,mia,atl,2,7,5/3/2019
201900463,cha,bos,1,6,5/3/2019
201900464,det,kca,4,3,5/3/2019
201900465,sdn,lan,3,4,5/3/2019
201900466,nya,min,6,3,5/3/2019
201900467,mil,nyn,3,1,5/3/2019
201900468,pit,oak,1,14,5/3/2019
201900469,cle,sea,2,1,5/3/2019
201900470,cin,sfn,11,12,5/3/2019
201900471,chn,sln,4,0,5/3/2019
201900472,bal,tba,0,7,5/3/2019
201900473,tex,tor,0,1,5/3/2019
201900474,phi,was,4,2,5/3/2019
201900475,col,ari,2,9,5/4/2019
201900476,mia,atl,2,9,5/4/2019
201900477,cha,bos,2,15,5/4/2019
201900478,ana,hou,2,14,5/4/2019
201900479,det,kca,3,15,5/4/2019
201900480,sdn,lan,6,7,5/4/2019
201900481,nya,min,3,7,5/4/2019
201900482,mil,nyn,4,3,5/4/2019
201900483,pit,oak,6,4,5/4/2019
201900484,cle,sea,5,4,5/4/2019
201900485,cin,sfn,9,2,5/4/2019
201900486,chn,sln,6,5,5/4/2019
201900487,bal,tba,3,0,5/4/2019
201900488,tex,tor,8,5,5/4/2019
201900489,phi,was,8,10,5/4/2019
201900490,col,ari,8,7,5/5/2019
201900491,mia,atl,1,3,5/5/2019
201900492,cha,bos,2,9,5/5/2019
201900493,ana,hou,4,10,5/5/2019
201900494,det,kca,5,2,5/5/2019
201900495,sdn,lan,8,5,5/5/2019
201900496,nya,min,4,1,5/5/2019
201900497,mil,nyn,3,2,5/5/2019
201900498,pit,oak,5,3,5/5/2019
201900499,cle,sea,0,10,5/5/2019
201900500,cin,sfn,5,6,5/5/2019
201900501,chn,sln,13,5,5/5/2019
201900502,tex,tor,10,2,5/5/2019
201900503,phi,was,7,1,5/5/2019
201900504,tba,ari,12,1,5/6/2019
201900505,lan,atl,5,3,5/6/2019
201900506,bal,bos,4,1,5/6/2019
201900507,cle,cha,1,9,5/6/2019
201900508,hou,kca,6,4,5/6/2019
201900509,chn,mia,5,6,5/6/2019
201900510,tor,min,0,8,5/6/2019
201900511,sdn,nyn,4,0,5/6/2019
201900512,sln,phi,6,0,5/6/2019
201900513,nya,sea,7,3,5/6/2019
201900514,cin,sfn,12,4,5/6/2019
201900515,mil,was,5,3,5/6/2019
201900516,det,ana,2,5,5/7/2019
201900517,tba,ari,6,3,5/7/2019
201900518,lan,atl,9,0,5/7/2019
201900519,bal,bos,5,8,5/7/2019
201900520,cle,cha,0,2,5/7/2019
201900521,oak,cin,2,0,5/7/2019
201900522,hou,kca,2,12,5/7/2019
201900523,chn,mia,5,2,5/7/2019
201900524,tor,min,0,3,5/7/2019
201900525,sdn,nyn,6,7,5/7/2019
201900526,sln,phi,1,11,5/7/2019
201900527,nya,sea,5,4,5/7/2019
201900528,col,sfn,4,14,5/7/2019
201900529,pit,tex,5,4,5/7/2019
201900530,mil,was,6,0,5/7/2019
201900531,det,ana,10,3,5/8/2019
201900532,tba,ari,2,3,5/8/2019
201900533,lan,atl,9,4,5/8/2019
201900534,bal,bos,1,2,5/8/2019
201900535,cle,cha,5,3,5/8/2019
201900536,oak,cin,5,4,5/8/2019
201900537,hou,kca,9,0,5/8/2019
201900538,chn,mia,3,2,5/8/2019
201900539,tor,min,1,9,5/8/2019
201900540,sdn,nyn,3,2,5/8/2019
201900541,sln,phi,0,5,5/8/2019
201900542,nya,sea,1,10,5/8/2019
201900543,pit,tex,6,9,5/8/2019
201900544,mil,was,7,3,5/8/2019
201900545,det,ana,0,13,5/9/2019
201900546,ari,atl,3,2,5/9/2019
201900547,cle,cha,5,0,5/9/2019
201900548,oak,cin,0,3,5/9/2019
201900549,chn,mia,4,1,5/9/2019
201900550,sln,pit,17,4,5/9/2019
201900551,nya,sea,3,1,5/9/2019
201900552,col,sfn,12,11,5/9/2019
201900553,hou,tex,4,2,5/9/2019
201900554,lan,was,0,6,5/9/2019
201900555,bal,ana,3,8,5/10/2019
201900556,ari,atl,1,2,5/10/2019
201900557,tor,cha,4,3,5/10/2019
201900558,sfn,cin,0,7,5/10/2019
201900559,oak,cle,4,3,5/10/2019
201900560,min,det,6,0,5/10/2019
201900561,nyn,mia,11,2,5/10/2019
201900562,chn,mil,0,7,5/10/2019
201900563,tba,nya,3,4,5/10/2019
201900564,kca,phi,5,1,5/10/2019
201900565,sln,pit,1,2,5/10/2019
201900566,col,sdn,12,2,5/10/2019
201900567,bos,sea,14,1,5/10/2019
201900568,hou,tex,3,0,5/10/2019
201900569,lan,was,5,0,5/10/2019
201900570,bal,ana,2,7,5/11/2019
201900571,ari,atl,4,6,5/11/2019
201900572,tor,cha,2,7,5/11/2019
201900573,sfn,cin,4,5,5/11/2019
201900574,oak,cle,3,2,5/11/2019
201900575,min,det,3,5,5/11/2019
201900576,min,det,8,3,5/11/2019
201900577,nyn,mia,4,1,5/11/2019
201900578,chn,mil,2,1,5/11/2019
201900579,tba,nya,7,2,5/11/2019
201900580,kca,phi,0,7,5/11/2019
201900581,sln,pit,1,2,5/11/2019
201900582,col,sdn,3,4,5/11/2019
201900583,bos,sea,9,5,5/11/2019
201900584,hou,tex,11,4,5/11/2019
201900585,lan,was,2,5,5/11/2019
201900586,bal,ana,5,1,5/12/2019
201900587,ari,atl,3,5,5/12/2019
201900588,tor,cha,1,5,5/12/2019
201900589,sfn,cin,6,5,5/12/2019
201900590,oak,cle,3,5,5/12/2019
201900591,min,det,3,5,5/12/2019
201900592,chn,mil,4,1,5/12/2019
201900593,tba,nya,1,7,5/12/2019
201900594,kca,phi,1,6,5/12/2019
201900595,sln,pit,6,10,5/12/2019
201900596,col,sdn,10,7,5/12/2019
201900597,bos,sea,11,2,5/12/2019
201900598,hou,tex,15,5,5/12/2019
201900599,lan,was,6,0,5/12/2019
201900600,min,ana,4,5,5/13/2019
201900601,cha,cle,5,2,5/13/2019
201900602,det,hou,1,8,5/13/2019
201900603,phi,mil,7,4,5/13/2019
201900604,sea,oak,6,5,5/13/2019
201900605,ari,pit,9,3,5/13/2019
201900606,min,ana,4,3,5/14/2019
201900607,cin,chn,1,3,5/14/2019
201900608,cha,cle,0,9,5/14/2019
201900609,bos,col,4,5,5/14/2019
201900610,det,hou,4,11,5/14/2019
201900611,phi,mil,1,6,5/14/2019
201900612,was,nyn,2,6,5/14/2019
201900613,sea,oak,4,3,5/14/2019
201900614,ari,pit,2,6,5/14/2019
201900615,lan,sdn,6,3,5/14/2019
201900616,atl,sln,3,14,5/14/2019
201900617,mia,tba,0,4,5/14/2019
201900618,kca,tex,11,5,5/14/2019
201900619,sfn,tor,3,7,5/14/2019
201900620,min,ana,8,7,5/15/2019
201900621,nya,bal,5,3,5/15/2019
201900622,nya,bal,3,1,5/15/2019
201900623,cin,chn,6,5,5/15/2019
201900624,bos,col,6,5,5/15/2019
201900625,det,hou,1,5,5/15/2019
201900626,phi,mil,2,5,5/15/2019
201900627,was,nyn,5,1,5/15/2019
201900628,ari,pit,11,1,5/15/2019
201900629,lan,sdn,2,0,5/15/2019
201900630,atl,sln,4,0,5/15/2019
201900631,mia,tba,0,1,5/15/2019
201900632,kca,tex,1,6,5/15/2019
201900633,sfn,tor,4,3,5/15/2019
201900634,cle,bal,14,7,5/16/2019
201900635,cin,chn,4,2,5/16/2019
201900636,phi,mil,3,11,5/16/2019
201900637,sea,min,6,11,5/16/2019
201900638,was,nyn,7,6,5/16/2019
201900639,det,oak,3,17,5/16/2019
201900640,sdn,pit,4,3,5/16/2019
201900641,atl,sln,10,2,5/16/2019
201900642,kca,tex,1,16,5/16/2019
201900643,cha,tor,4,2,5/16/2019
201900644,cle,bal,1,5,5/17/2019
201900645,was,chn,6,14,5/17/2019
201900646,phi,col,5,4,5/17/2019
201900647,bos,hou,1,3,5/17/2019
201900648,ana,kca,5,2,5/17/2019
201900649,cin,lan,0,6,5/17/2019
201900650,atl,mil,12,8,5/17/2019
201900651,sea,min,1,7,5/17/2019
201900652,mia,nyn,8,6,5/17/2019
201900653,det,oak,2,7,5/17/2019
201900654,sdn,pit,3,5,5/17/2019
201900655,ari,sfn,7,0,5/17/2019
201900656,tex,sln,7,3,5/17/2019
201900657,nya,tba,4,3,5/17/2019
201900658,cha,tor,2,10,5/17/2019
201900659,cle,bal,4,1,5/18/2019
201900660,was,chn,5,2,5/18/2019
201900661,phi,col,2,1,5/18/2019
201900662,bos,hou,3,7,5/18/2019
201900663,ana,kca,6,3,5/18/2019
201900664,cin,lan,4,0,5/18/2019
201900665,atl,mil,4,3,5/18/2019
201900666,sea,min,4,18,5/18/2019
201900667,mia,nyn,2,0,5/18/2019
201900668,det,oak,1,4,5/18/2019
201900669,sdn,pit,2,7,5/18/2019
201900670,ari,sfn,5,8,5/18/2019
201900671,tex,sln,2,8,5/18/2019
201900672,nya,tba,1,2,5/18/2019
201900673,cha,tor,4,1,5/18/2019
201900674,cle,bal,10,0,5/19/2019
201900675,was,chn,5,6,5/19/2019
201900676,phi,col,7,5,5/19/2019
201900677,bos,hou,4,3,5/19/2019
201900678,ana,kca,1,5,5/19/2019
201900679,cin,lan,3,8,5/19/2019
201900680,atl,mil,2,3,5/19/2019
201900681,sea,min,7,4,5/19/2019
201900682,mia,nyn,3,0,5/19/2019
201900683,det,oak,3,7,5/19/2019
201900684,sdn,pit,4,6,5/19/2019
201900685,ari,sfn,2,3,5/19/2019
201900686,tex,sln,5,4,5/19/2019
201900687,nya,tba,13,5,5/19/2019
201900688,cha,tor,2,5,5/19/2019
201900689,sdn,ari,2,1,5/20/2019
201900690,sfn,atl,1,4,5/20/2019
201900691,tor,bos,2,12,5/20/2019
201900692,hou,cha,3,0,5/20/2019
201900693,ana,min,1,3,5/20/2019
201900694,bal,nya,7,10,5/20/2019
201900695,cle,oak,4,6,5/20/2019
201900696,chn,phi,4,5,5/20/2019
201900697,tex,sea,10,9,5/20/2019
201900698,nyn,was,5,3,5/20/2019
201900699,sdn,ari,3,2,5/21/2019
201900700,sfn,atl,4,3,5/21/2019
201900701,tor,bos,10,3,5/21/2019
201900702,hou,cha,5,1,5/21/2019
201900703,mil,cin,0,3,5/21/2019
201900704,pit,col,0,5,5/21/2019
201900705,tba,lan,3,7,5/21/2019
201900706,det,mia,4,5,5/21/2019
201900707,ana,min,3,8,5/21/2019
201900708,bal,nya,4,11,5/21/2019
201900709,cle,oak,3,5,5/21/2019
201900710,chn,phi,3,2,5/21/2019
201900711,tex,sea,5,3,5/21/2019
201900712,nyn,was,6,5,5/21/2019
201900713,sdn,ari,5,2,5/22/2019
201900714,sfn,atl,2,9,5/22/2019
201900715,tor,bos,5,6,5/22/2019
201900716,hou,cha,4,9,5/22/2019
201900717,mil,cin,11,9,5/22/2019
201900718,pit,col,3,9,5/22/2019
201900719,sln,kca,2,8,5/22/2019
201900720,sln,kca,10,3,5/22/2019
201900721,tba,lan,8,1,5/22/2019
201900722,det,mia,3,6,5/22/2019
201900723,bal,nya,5,7,5/22/2019
201900724,cle,oak,2,7,5/22/2019
201900725,chn,phi,8,4,5/22/2019
201900726,tex,sea,2,1,5/22/2019
201900727,nyn,was,6,1,5/22/2019
201900728,sfn,atl,4,5,5/23/2019
201900729,tor,bos,2,8,5/23/2019
201900730,hou,cha,0,4,5/23/2019
201900731,pit,col,14,6,5/23/2019
201900732,det,mia,2,5,5/23/2019
201900733,ana,min,7,16,5/23/2019
201900734,bal,nya,5,6,5/23/2019
201900735,chn,phi,7,9,5/23/2019
201900736,cle,tba,2,7,5/23/2019
201900737,nyn,was,6,4,5/23/2019
201900738,sfn,ari,2,18,5/24/2019
201900739,sln,atl,2,5,5/24/2019
201900740,col,bal,8,6,5/24/2019
201900741,hou,bos,4,3,5/24/2019
201900742,min,cha,11,4,5/24/2019
201900743,chn,cin,5,6,5/24/2019
201900744,nyn,det,8,9,5/24/2019
201900745,pit,lan,2,10,5/24/2019
201900746,was,mia,12,10,5/24/2019
201900747,mil,phi,4,6,5/24/2019
201900748,tor,sdn,3,6,5/24/2019
201900749,oak,sea,6,2,5/24/2019
201900750,cle,tba,3,1,5/24/2019
201900751,ana,tex,3,4,5/24/2019
201900752,sfn,ari,4,10,5/25/2019
201900753,sln,atl,6,3,5/25/2019
201900754,col,bal,6,9,5/25/2019
201900755,hou,bos,4,3,5/25/2019
201900756,min,cha,8,1,5/25/2019
201900757,chn,cin,8,6,5/25/2019
201900758,nyn,det,5,4,5/25/2019
201900759,pit,lan,2,7,5/25/2019
201900760,was,mia,5,0,5/25/2019
201900761,kca,nya,3,7,5/25/2019
201900762,kca,nya,5,6,5/25/2019
201900763,mil,phi,2,7,5/25/2019
201900764,tor,sdn,4,19,5/25/2019
201900765,oak,sea,6,5,5/25/2019
201900766,cle,tba,2,6,5/25/2019
201900767,ana,tex,3,2,5/25/2019
201900768,sfn,ari,2,6,5/26/2019
201900769,sln,atl,3,4,5/26/2019
201900770,col,bal,8,7,5/26/2019
201900771,hou,bos,1,4,5/26/2019
201900772,min,cha,7,0,5/26/2019
201900773,chn,cin,2,10,5/26/2019
201900774,nyn,det,4,3,5/26/2019
201900775,pit,lan,7,11,5/26/2019
201900776,kca,nya,8,7,5/26/2019
201900777,mil,phi,9,1,5/26/2019
201900778,tor,sdn,10,1,5/26/2019
201900779,oak,sea,7,1,5/26/2019
201900780,cle,tba,3,6,5/26/2019
201900781,ana,tex,7,6,5/26/2019
201900782,oak,ana,8,5,5/27/2019
201900783,col,ari,4,3,5/27/2019
201900784,hou,chn,6,5,5/27/2019
201900785,bos,cle,12,5,5/27/2019
201900786,bal,det,5,3,5/27/2019
201900787,cha,kca,2,1,5/27/2019
201900788,was,mia,2,3,5/27/2019
201900789,min,mil,4,5,5/27/2019
201900790,lan,nyn,9,5,5/27/2019
201900791,cin,pit,5,8,5/27/2019
201900792,cin,pit,8,1,5/27/2019
201900793,nya,sdn,5,2,5/27/2019
201900794,sea,tex,6,2,5/27/2019
201900795,tba,tor,8,3,5/27/2019
201900796,oak,ana,4,6,5/28/2019
201900797,col,ari,6,2,5/28/2019
201900798,hou,chn,9,6,5/28/2019
201900799,bos,cle,5,7,5/28/2019
201900800,bal,det,0,3,5/28/2019
201900801,cha,kca,4,3,5/28/2019
201900802,min,mil,5,3,5/28/2019
201900803,lan,nyn,3,7,5/28/2019
201900804,cin,pit,11,6,5/28/2019
201900805,nya,sdn,4,5,5/28/2019
201900806,mia,sfn,11,3,5/28/2019
201900807,phi,sln,4,3,5/28/2019
201900808,sea,tex,4,11,5/28/2019
201900809,tba,tor,3,1,5/28/2019
201900810,atl,was,4,5,5/28/2019
201900811,oak,ana,7,12,5/29/2019
201900812,col,ari,5,4,5/29/2019
201900813,hou,chn,1,2,5/29/2019
201900814,bos,cle,9,14,5/29/2019
201900815,bal,det,2,4,5/29/2019
201900816,cha,kca,8,7,5/29/2019
201900817,lan,nyn,9,8,5/29/2019
201900818,cin,pit,2,7,5/29/2019
201900819,nya,sdn,7,0,5/29/2019
201900820,mia,sfn,4,2,5/29/2019
201900821,phi,sln,11,4,5/29/2019
201900822,sea,tex,7,8,5/29/2019
201900823,tba,tor,4,3,5/29/2019
201900824,atl,was,4,14,5/29/2019
201900825,sea,ana,3,9,5/30/2019
201900826,col,ari,11,10,5/30/2019
201900827,cha,cle,10,4,5/30/2019
201900828,tex,kca,2,4,5/30/2019
201900829,pit,mil,5,11,5/30/2019
201900830,tba,min,14,3,5/30/2019
201900831,lan,nyn,2,0,5/30/2019
201900832,mia,sfn,1,3,5/30/2019
201900833,phi,sln,3,5,5/30/2019
201900834,sea,ana,4,3,5/31/2019
201900835,nya,bos,4,1,5/31/2019
201900836,sln,chn,2,1,5/31/2019
201900837,cha,cle,6,1,5/31/2019
201900838,atl,det,2,8,5/31/2019
201900839,oak,hou,2,3,5/31/2019
201900840,tex,kca,6,2,5/31/2019
201900841,sdn,mia,5,2,5/31/2019
201900842,pit,mil,9,4,5/31/2019
201900843,tba,min,3,5,5/31/2019
201900844,ari,nyn,4,5,5/31/2019
201900845,lan,phi,6,3,5/31/2019
201900846,bal,sfn,9,6,5/31/2019
201900847,col,tor,13,6,5/31/2019
201900848,cin,was,9,3,5/31/2019
201900849,sea,ana,3,6,6/1/2019
201900850,nya,bos,5,3,6/1/2019
201900851,sln,chn,7,4,6/1/2019
201900852,cha,cle,2,5,6/1/2019
201900853,atl,det,10,5,6/1/2019
201900854,oak,hou,1,5,6/1/2019
201900855,tex,kca,6,2,6/1/2019
201900856,sdn,mia,3,9,6/1/2019
201900857,pit,mil,10,12,6/1/2019
201900858,tba,min,2,6,6/1/2019
201900859,ari,nyn,6,5,6/1/2019
201900860,lan,phi,4,3,6/1/2019
201900861,bal,sfn,2,8,6/1/2019
201900862,col,tor,4,2,6/1/2019
201900863,cin,was,2,5,6/1/2019
201900864,sea,ana,3,13,6/2/2019
201900865,nya,bos,5,8,6/2/2019
201900866,sln,chn,2,1,6/2/2019
201900867,cha,cle,2,0,6/2/2019
201900868,atl,det,7,4,6/2/2019
201900869,oak,hou,4,6,6/2/2019
201900870,tex,kca,5,1,6/2/2019
201900871,sdn,mia,3,9,6/2/2019
201900872,pit,mil,2,4,6/2/2019
201900873,tba,min,7,9,6/2/2019
201900874,ari,nyn,7,1,6/2/2019
201900875,lan,phi,8,0,6/2/2019
201900876,bal,sfn,1,8,6/2/2019
201900877,col,tor,5,1,6/2/2019
201900878,cin,was,1,4,6/2/2019
201900879,chn,ana,8,1,6/3/2019
201900880,sea,hou,2,4,6/3/2019
201900881,ari,lan,1,3,6/3/2019
201900882,sdn,phi,8,2,6/3/2019
201900883,pit,atl,5,12,6/4/2019
201900884,tex,bal,11,12,6/4/2019
201900885,kca,bos,3,8,6/4/2019
201900886,was,cha,9,5,6/4/2019
201900887,sln,cin,1,4,6/4/2019
201900888,chn,col,6,3,6/4/2019
201900889,sea,hou,5,11,6/4/2019
201900890,ari,lan,0,9,6/4/2019
201900891,mil,mia,0,16,6/4/2019
201900892,cle,min,5,2,6/4/2019
201900893,tor,nya,4,3,6/4/2019
201900894,ana,oak,2,4,6/4/2019
201900895,sdn,phi,6,9,6/4/2019
201900896,nyn,sfn,3,9,6/4/2019
201900897,det,tba,9,6,6/4/2019
201900898,pit,atl,7,4,6/5/2019
201900899,tex,bal,2,1,6/5/2019
201900900,kca,bos,0,8,6/5/2019
201900901,was,cha,6,4,6/5/2019
201900902,chn,col,9,8,6/5/2019
201900903,sea,hou,14,1,6/5/2019
201900904,ari,lan,3,2,6/5/2019
201900905,mil,mia,3,8,6/5/2019
201900906,cle,min,9,7,6/5/2019
201900907,tor,nya,11,7,6/5/2019
201900908,ana,oak,10,9,6/5/2019
201900909,sdn,phi,5,7,6/5/2019
201900910,nyn,sfn,7,0,6/5/2019
201900911,det,tba,0,4,6/5/2019
201900912,pit,atl,6,1,6/6/2019
201900913,tex,bal,4,3,6/6/2019
201900914,kca,bos,5,7,6/6/2019
201900915,sln,cin,3,1,6/6/2019
201900916,chn,col,1,3,6/6/2019
201900917,sea,hou,7,8,6/6/2019
201900918,mil,mia,5,1,6/6/2019
201900919,cle,min,4,5,6/6/2019
201900920,tor,nya,2,6,6/6/2019
201900921,nyn,sfn,7,3,6/6/2019
201900922,det,tba,1,6,6/6/2019
201900923,sdn,was,5,4,6/6/2019
201900924,tor,ari,2,8,6/7/2019
201900925,mia,atl,1,7,6/7/2019
201900926,hou,bal,4,3,6/7/2019
201900927,kca,cha,6,4,6/7/2019
201900928,phi,cin,4,2,6/7/2019
201900929,nyn,col,1,5,6/7/2019
201900930,sfn,lan,2,1,6/7/2019
201900931,det,min,3,6,6/7/2019
201900932,cle,nya,5,2,6/7/2019
201900933,tex,oak,3,5,6/7/2019
201900934,mil,pit,10,4,6/7/2019
201900935,ana,sea,2,6,6/7/2019
201900936,chn,sln,3,1,6/7/2019
201900937,bos,tba,1,5,6/7/2019
201900938,sdn,was,5,4,6/7/2019
201900939,tor,ari,0,6,6/8/2019
201900940,mia,atl,0,1,6/8/2019
201900941,hou,bal,1,4,6/8/2019
201900942,kca,cha,0,2,6/8/2019
201900943,phi,cin,4,1,6/8/2019
201900944,nyn,col,5,3,6/8/2019
201900945,sfn,lan,2,7,6/8/2019
201900946,det,min,9,3,6/8/2019
201900947,cle,nya,8,4,6/8/2019
201900948,tex,oak,10,5,6/8/2019
201900949,tex,oak,3,1,6/8/2019
201900950,mil,pit,5,3,6/8/2019
201900951,ana,sea,12,3,6/8/2019
201900952,chn,sln,9,4,6/8/2019
201900953,bos,tba,2,9,6/8/2019
201900954,bos,tba,5,1,6/8/2019
201900955,sdn,was,1,4,6/8/2019
201900956,tor,ari,2,8,6/9/2019
201900957,mia,atl,6,7,6/9/2019
201900958,hou,bal,4,0,6/9/2019
201900959,kca,cha,2,5,6/9/2019
201900960,phi,cin,3,4,6/9/2019
201900961,nyn,col,6,1,6/9/2019
201900962,sfn,lan,0,1,6/9/2019
201900963,det,min,2,12,6/9/2019
201900964,cle,nya,6,7,6/9/2019
201900965,tex,oak,8,9,6/9/2019
201900966,mil,pit,5,2,6/9/2019
201900967,ana,sea,3,9,6/9/2019
201900968,chn,sln,5,1,6/9/2019
201900969,bos,tba,1,6,6/9/2019
201900970,sdn,was,2,5,6/9/2019
201900971,phi,ari,8,13,6/10/2019
201900972,col,chn,6,5,6/10/2019
201900973,ana,lan,5,3,6/10/2019
201900974,tba,oak,6,2,6/10/2019
201900975,atl,pit,13,7,6/10/2019
201900976,mia,sln,1,4,6/10/2019
201900977,bos,tex,3,4,6/10/2019
201900978,cha,was,1,12,6/10/2019
201900979,phi,ari,7,4,6/11/2019
201900980,col,chn,10,3,6/11/2019
201900981,cle,cin,2,1,6/11/2019
201900982,kca,det,3,2,6/11/2019
201900983,ana,lan,5,3,6/11/2019
201900984,hou,mil,10,8,6/11/2019
201900985,nya,nyn,12,5,6/11/2019
201900986,nya,nyn,4,10,6/11/2019
201900987,tba,oak,3,4,6/11/2019
201900988,atl,pit,7,5,6/11/2019
201900989,sfn,sdn,6,5,6/11/2019
201900990,min,sea,6,5,6/11/2019
201900991,mia,sln,1,7,6/11/2019
201900992,bos,tex,5,9,6/11/2019
201900993,bal,tor,4,2,6/11/2019
201900994,cha,was,7,5,6/11/2019
201900995,phi,ari,0,2,6/12/2019
201900996,col,chn,1,10,6/12/2019
201900997,cle,cin,2,7,6/12/2019
201900998,kca,det,2,3,6/12/2019
201900999,hou,mil,3,6,6/12/2019
201901000,tba,oak,2,6,6/12/2019
201901001,atl,pit,8,7,6/12/2019
201901002,sfn,sdn,4,2,6/12/2019
201901003,min,sea,6,9,6/12/2019
201901004,mia,sln,9,0,6/12/2019
201901005,bos,tex,4,3,6/12/2019
201901006,bal,tor,6,8,6/12/2019
201901007,tba,ana,3,5,6/13/2019
201901008,was,ari,0,5,6/13/2019
201901009,lan,chn,7,3,6/13/2019
201901010,kca,det,7,3,6/13/2019
201901011,cha,nya,5,4,6/13/2019
201901012,atl,pit,6,5,6/13/2019
201901013,col,sdn,9,6,6/13/2019
201901014,min,sea,10,5,6/13/2019
201901015,nyn,sln,4,5,6/13/2019
201901016,bos,tex,7,6,6/13/2019
201901017,bal,tor,3,12,6/13/2019
201901018,tba,ana,9,4,6/14/2019
201901019,was,ari,7,3,6/14/2019
201901020,bal,bos,2,13,6/14/2019
201901021,lan,chn,5,3,6/14/2019
201901022,det,cle,4,13,6/14/2019
201901023,min,kca,2,0,6/14/2019
201901024,sfn,mil,5,3,6/14/2019
201901025,cha,nya,10,2,6/14/2019
201901026,atl,phi,9,8,6/14/2019
201901027,mia,pit,0,11,6/14/2019
201901028,col,sdn,12,16,6/14/2019
201901029,oak,sea,2,9,6/14/2019
201901030,nyn,sln,5,9,6/14/2019
201901031,cin,tex,1,7,6/14/2019
201901032,hou,tor,15,2,6/14/2019
201901033,tba,ana,3,5,6/15/2019
201901034,was,ari,3,10,6/15/2019
201901035,bal,bos,2,7,6/15/2019
201901036,lan,chn,1,2,6/15/2019
201901037,det,cle,2,4,6/15/2019
201901038,min,kca,5,4,6/15/2019
201901039,sfn,mil,8,7,6/15/2019
201901040,cha,nya,4,8,6/15/2019
201901041,atl,phi,5,6,6/15/2019
201901042,mia,pit,4,3,6/15/2019
201901043,col,sdn,14,8,6/15/2019
201901044,oak,sea,11,2,6/15/2019
201901045,nyn,sln,8,7,6/15/2019
201901046,cin,tex,3,4,6/15/2019
201901047,hou,tor,7,2,6/15/2019
201901048,tba,ana,6,5,6/16/2019
201901049,was,ari,15,5,6/16/2019
201901050,bal,bos,6,8,6/16/2019
201901051,lan,chn,3,2,6/16/2019
201901052,det,cle,0,8,6/16/2019
201901053,min,kca,6,8,6/16/2019
201901054,sfn,mil,3,5,6/16/2019
201901055,cha,nya,3,10,6/16/2019
201901056,atl,phi,15,1,6/16/2019
201901057,mia,pit,4,5,6/16/2019
201901058,col,sdn,13,14,6/16/2019
201901059,oak,sea,3,6,6/16/2019
201901060,nyn,sln,3,4,6/16/2019
201901061,cin,tex,11,3,6/16/2019
201901062,hou,tor,0,12,6/16/2019
201901063,tor,ana,5,10,6/17/2019
201901064,oak,bal,3,2,6/17/2019
201901065,min,bos,0,2,6/17/2019
201901066,tex,cle,7,2,6/17/2019
201901067,cin,hou,3,2,6/17/2019
201901068,sea,kca,4,6,6/17/2019
201901069,sln,mia,5,0,6/17/2019
201901070,sdn,mil,2,0,6/17/2019
201901071,atl,nyn,12,3,6/17/2019
201901072,lan,sfn,2,3,6/17/2019
201901073,nya,tba,3,0,6/17/2019
201901074,tor,ana,1,3,6/18/2019
201901075,oak,bal,16,2,6/18/2019
201901076,min,bos,4,3,6/18/2019
201901077,chn,cha,1,3,6/18/2019
201901078,tex,cle,3,10,6/18/2019
201901079,ari,col,1,8,6/18/2019
201901080,pit,det,4,5,6/18/2019
201901081,cin,hou,4,3,6/18/2019
201901082,sea,kca,0,9,6/18/2019
201901083,sln,mia,0,6,6/18/2019
201901084,sdn,mil,4,1,6/18/2019
201901085,atl,nyn,2,10,6/18/2019
201901086,lan,sfn,9,0,6/18/2019
201901087,nya,tba,6,3,6/18/2019
201901088,tor,ana,6,11,6/19/2019
201901089,oak,bal,8,3,6/19/2019
201901090,min,bos,4,9,6/19/2019
201901091,chn,cha,7,3,6/19/2019
201901092,tex,cle,4,10,6/19/2019
201901093,ari,col,4,6,6/19/2019
201901094,pit,det,8,7,6/19/2019
201901095,cin,hou,3,2,6/19/2019
201901096,sea,kca,8,2,6/19/2019
201901097,sln,mia,2,1,6/19/2019
201901098,sdn,mil,8,7,6/19/2019
201901099,atl,nyn,7,2,6/19/2019
201901100,was,phi,6,2,6/19/2019
201901101,was,phi,2,0,6/19/2019
201901102,lan,sfn,9,2,6/19/2019
201901103,nya,tba,12,1,6/19/2019
201901104,tor,ana,7,5,6/20/2019
201901105,sea,bal,5,2,6/20/2019
201901106,mil,cin,1,7,6/20/2019
201901107,tex,cle,4,2,6/20/2019
201901108,ari,col,4,6,6/20/2019
201901109,nya,hou,10,6,6/20/2019
201901110,sln,mia,6,7,6/20/2019
201901111,kca,min,4,1,6/20/2019
201901112,chn,nyn,7,4,6/20/2019
201901113,was,phi,7,4,6/20/2019
201901114,lan,sfn,9,8,6/20/2019
201901115,oak,tba,5,4,6/20/2019
201901116,sln,ana,5,1,6/21/2019
201901117,was,atl,4,3,6/21/2019
201901118,sea,bal,10,9,6/21/2019
201901119,tex,cha,4,5,6/21/2019
201901120,mil,cin,7,11,6/21/2019
201901121,lan,col,4,2,6/21/2019
201901122,cle,det,7,6,6/21/2019
201901123,nya,hou,4,1,6/21/2019
201901124,phi,mia,1,2,6/21/2019
201901125,kca,min,7,8,6/21/2019
201901126,chn,nyn,4,5,6/21/2019
201901127,pit,sdn,2,1,6/21/2019
201901128,ari,sfn,5,11,6/21/2019
201901129,oak,tba,3,5,6/21/2019
201901130,bos,tor,7,5,6/21/2019
201901131,sln,ana,4,2,6/22/2019
201901132,was,atl,9,13,6/22/2019
201901133,sea,bal,4,8,6/22/2019
201901134,tex,cha,6,5,6/22/2019
201901135,mil,cin,6,5,6/22/2019
201901136,lan,col,5,4,6/22/2019
201901137,cle,det,2,0,6/22/2019
201901138,nya,hou,7,5,6/22/2019
201901139,phi,mia,3,5,6/22/2019
201901140,kca,min,3,5,6/22/2019
201901141,chn,nyn,2,10,6/22/2019
201901142,pit,sdn,6,3,6/22/2019
201901143,ari,sfn,4,7,6/22/2019
201901144,oak,tba,4,2,6/22/2019
201901145,bos,tor,7,8,6/22/2019
201901146,sln,ana,4,6,6/23/2019
201901147,was,atl,3,4,6/23/2019
201901148,sea,bal,13,3,6/23/2019
201901149,tex,cha,7,4,6/23/2019
201901150,mil,cin,7,5,6/23/2019
201901151,lan,col,6,3,6/23/2019
201901152,cle,det,8,3,6/23/2019
201901153,nya,hou,4,9,6/23/2019
201901154,phi,mia,4,6,6/23/2019
201901155,kca,min,6,1,6/23/2019
201901156,chn,nyn,5,3,6/23/2019
201901157,pit,sdn,11,10,6/23/2019
201901158,ari,sfn,3,2,6/23/2019
201901159,oak,tba,2,8,6/23/2019
201901160,bos,tor,1,6,6/23/2019
201901161,chn,atl,8,3,6/24/2019
201901162,bos,cha,6,5,6/24/2019
201901163,sfn,col,0,2,6/24/2019
201901164,cle,kca,3,2,6/24/2019
201901165,ari,lan,8,5,6/24/2019
201901166,phi,nyn,13,7,6/24/2019
201901167,nya,tor,10,8,6/24/2019
201901168,chn,atl,2,3,6/25/2019
201901169,bos,cha,6,3,6/25/2019
201901170,ana,cin,5,1,6/25/2019
201901171,sfn,col,4,2,6/25/2019
201901172,cle,kca,6,8,6/25/2019
201901173,ari,lan,2,3,6/25/2019
201901174,phi,nyn,7,5,6/25/2019
201901175,sln,oak,3,7,6/25/2019
201901176,hou,pit,5,1,6/25/2019
201901177,bal,sdn,3,8,6/25/2019
201901178,mil,sea,3,8,6/25/2019
201901179,min,tba,9,4,6/25/2019
201901180,det,tex,3,5,6/25/2019
201901181,nya,tor,4,3,6/25/2019
201901182,mia,was,1,6,6/25/2019
201901183,chn,atl,3,5,6/26/2019
201901184,bos,cha,7,8,6/26/2019
201901185,ana,cin,5,1,6/26/2019
201901186,sfn,col,3,6,6/26/2019
201901187,cle,kca,5,3,6/26/2019
201901188,ari,lan,8,2,6/26/2019
201901189,phi,nyn,5,4,6/26/2019
201901190,sln,oak,0,2,6/26/2019
201901191,hou,pit,2,14,6/26/2019
201901192,bal,sdn,5,10,6/26/2019
201901193,mil,sea,2,4,6/26/2019
201901194,min,tba,6,4,6/26/2019
201901195,det,tex,1,4,6/26/2019
201901196,nya,tor,8,7,6/26/2019
201901197,mia,was,5,7,6/26/2019
201901198,sfn,ari,1,5,6/27/2019
201901199,chn,atl,9,7,6/27/2019
201901200,col,lan,8,12,6/27/2019
201901201,phi,nyn,6,3,6/27/2019
201901202,ana,oak,8,3,6/27/2019
201901203,hou,pit,0,10,6/27/2019
201901204,mil,sea,4,2,6/27/2019
201901205,min,tba,2,5,6/27/2019
201901206,det,tex,1,3,6/27/2019
201901207,mia,was,5,8,6/27/2019
201901208,sfn,ari,6,3,6/28/2019
201901209,nyn,atl,2,6,6/28/2019
201901210,cin,chn,6,3,6/28/2019
201901211,bal,cle,13,0,6/28/2019
201901212,tor,kca,6,2,6/28/2019
201901213,col,lan,13,9,6/28/2019
201901214,cha,min,6,4,6/28/2019
201901215,ana,oak,2,7,6/28/2019
201901216,mia,phi,6,2,6/28/2019
201901217,mil,pit,2,3,6/28/2019
201901218,hou,sea,2,1,6/28/2019
201901219,sdn,sln,3,1,6/28/2019
201901220,tba,tex,0,5,6/28/2019
201901221,det,was,1,3,6/28/2019
201901222,sfn,ari,3,4,6/29/2019
201901223,nyn,atl,4,5,6/29/2019
201901224,cin,chn,0,6,6/29/2019
201901225,bal,cle,13,0,6/29/2019
201901226,tor,kca,7,5,6/29/2019
201901227,col,lan,5,3,6/29/2019
201901228,cha,min,3,10,6/29/2019
201901229,bos,nya,13,17,6/29/2019
201901230,ana,oak,0,4,6/29/2019
201901231,mia,phi,9,6,6/29/2019
201901232,mil,pit,3,1,6/29/2019
201901233,hou,sea,6,5,6/29/2019
201901234,sdn,sln,12,2,6/29/2019
201901235,tba,tex,5,2,6/29/2019
201901236,det,was,7,5,6/29/2019
201901237,sfn,ari,10,4,6/30/2019
201901238,nyn,atl,8,5,6/30/2019
201901239,cin,chn,8,6,6/30/2019
201901240,bal,cle,0,2,6/30/2019
201901241,tor,kca,6,7,6/30/2019
201901242,col,lan,5,10,6/30/2019
201901243,cha,min,4,3,6/30/2019
201901244,bos,nya,8,12,6/30/2019
201901245,ana,oak,3,12,6/30/2019
201901246,mia,phi,6,13,6/30/2019
201901247,mil,pit,2,1,6/30/2019
201901248,hou,sea,6,1,6/30/2019
201901249,sdn,sln,3,5,6/30/2019
201901250,tba,tex,6,2,6/30/2019
201901251,det,was,1,2,6/30/2019
201901252,tba,bal,6,3,7/1/2019
201901253,pit,chn,18,5,7/1/2019
201901254,tor,kca,11,4,7/1/2019
201901255,cin,mil,6,8,7/1/2019
201901256,sdn,sfn,2,13,7/1/2019
201901257,tex,ana,4,9,7/2/2019
201901258,lan,ari,5,4,7/2/2019
201901259,tba,bal,6,3,7/2/2019
201901260,tor,bos,6,10,7/2/2019
201901261,pit,chn,5,1,7/2/2019
201901262,kca,cle,5,9,7/2/2019
201901263,col,hou,8,9,7/2/2019
201901264,was,mia,3,2,7/2/2019
201901265,cin,mil,5,4,7/2/2019
201901266,oak,min,8,6,7/2/2019
201901267,nyn,nya,4,2,7/2/2019
201901268,atl,phi,0,2,7/2/2019
201901269,sdn,sfn,4,10,7/2/2019
201901270,sea,sln,5,4,7/2/2019
201901271,tex,ana,2,6,7/3/2019
201901272,lan,ari,5,4,7/3/2019
201901273,tba,bal,6,9,7/3/2019
201901274,tor,bos,6,3,7/3/2019
201901275,pit,chn,6,5,7/3/2019
201901276,kca,cle,0,4,7/3/2019
201901277,cha,det,7,5,7/3/2019
201901278,cha,det,9,6,7/3/2019
201901279,col,hou,2,4,7/3/2019
201901280,was,mia,3,1,7/3/2019
201901281,cin,mil,3,0,7/3/2019
201901282,oak,min,3,4,7/3/2019
201901283,nyn,nya,1,5,7/3/2019
201901284,atl,phi,9,2,7/3/2019
201901285,sdn,sfn,5,7,7/3/2019
201901286,sea,sln,2,5,7/3/2019
201901287,tex,ana,9,3,7/4/2019
201901288,tor,bos,7,8,7/4/2019
201901289,pit,chn,3,11,7/4/2019
201901290,kca,cle,4,8,7/4/2019
201901291,cha,det,5,11,7/4/2019
201901292,was,mia,5,2,7/4/2019
201901293,cin,mil,1,0,7/4/2019
201901294,oak,min,7,2,7/4/2019
201901295,tba,nya,4,8,7/4/2019
201901296,atl,phi,12,6,7/4/2019
201901297,lan,sdn,5,1,7/4/2019
201901298,sea,sln,4,5,7/4/2019
201901299,hou,ana,4,5,7/5/2019
201901300,tor,bal,1,4,7/5/2019
201901301,det,bos,6,9,7/5/2019
201901302,ari,col,8,0,7/5/2019
201901303,was,kca,4,7,7/5/2019
201901304,atl,mia,1,0,7/5/2019
201901305,pit,mil,6,7,7/5/2019
201901306,tba,nya,4,8,7/5/2019
201901307,sea,oak,2,5,7/5/2019
201901308,nyn,phi,2,7,7/5/2019
201901309,lan,sdn,2,3,7/5/2019
201901310,sfn,sln,4,9,7/5/2019
201901311,min,tex,15,6,7/5/2019
201901312,hou,ana,4,0,7/6/2019
201901313,tor,bal,1,8,7/6/2019
201901314,det,bos,6,10,7/6/2019
201901315,cha,chn,3,6,7/6/2019
201901316,cin,cle,2,7,7/6/2019
201901317,ari,col,4,2,7/6/2019
201901318,was,kca,6,0,7/6/2019
201901319,atl,mia,4,5,7/6/2019
201901320,pit,mil,12,2,7/6/2019
201901321,tba,nya,4,3,7/6/2019
201901322,sea,oak,6,3,7/6/2019
201901323,nyn,phi,6,5,7/6/2019
201901324,lan,sdn,1,3,7/6/2019
201901325,sfn,sln,8,4,7/6/2019
201901326,min,tex,7,4,7/6/2019
201901327,hou,ana,11,10,7/7/2019
201901328,tor,bal,6,1,7/7/2019
201901329,det,bos,3,6,7/7/2019
201901330,cha,chn,3,1,7/7/2019
201901331,cin,cle,1,11,7/7/2019
201901332,ari,col,5,3,7/7/2019
201901333,was,kca,5,2,7/7/2019
201901334,atl,mia,4,3,7/7/2019
201901335,pit,mil,6,5,7/7/2019
201901336,tba,nya,2,1,7/7/2019
201901337,sea,oak,4,7,7/7/2019
201901338,nyn,phi,3,8,7/7/2019
201901339,lan,sdn,3,5,7/7/2019
201901340,sfn,sln,1,0,7/7/2019
201901341,min,tex,1,4,7/7/2019
201901342,tex,hou,5,0,7/11/2019
201901343,sln,ari,2,4,7/12/2019
201901344,sdn,atl,3,5,7/12/2019
201901345,oak,cha,5,1,7/12/2019
201901346,col,cin,3,2,7/12/2019
201901347,kca,det,8,5,7/12/2019
201901348,tex,hou,9,8,7/12/2019
201901349,bos,lan,8,1,7/12/2019
201901350,cle,min,3,5,7/12/2019
201901351,mia,nyn,8,4,7/12/2019
201901352,chn,pit,4,3,7/12/2019
201901353,ana,sea,13,0,7/12/2019
201901354,mil,sfn,7,10,7/12/2019
201901355,bal,tba,4,16,7/12/2019
201901356,nya,tor,4,0,7/12/2019
201901357,phi,was,0,4,7/12/2019
201901358,sln,ari,4,2,7/13/2019
201901359,sdn,atl,5,7,7/13/2019
201901360,oak,cha,13,2,7/13/2019
201901361,col,cin,9,17,7/13/2019
201901362,kca,det,4,1,7/13/2019
201901363,tex,hou,6,7,7/13/2019
201901364,bos,lan,2,11,7/13/2019
201901365,cle,min,2,6,7/13/2019
201901366,mia,nyn,2,4,7/13/2019
201901367,chn,pit,10,4,7/13/2019
201901368,ana,sea,9,2,7/13/2019
201901369,mil,sfn,5,4,7/13/2019
201901370,bal,tba,2,1,7/13/2019
201901371,bal,tba,4,12,7/13/2019
201901372,nya,tor,1,2,7/13/2019
201901373,phi,was,3,4,7/13/2019
201901374,sln,ari,5,2,7/14/2019
201901375,sdn,atl,1,4,7/14/2019
201901376,oak,cha,3,2,7/14/2019
201901377,col,cin,10,9,7/14/2019
201901378,kca,det,8,12,7/14/2019
201901379,tex,hou,4,12,7/14/2019
201901380,bos,lan,4,7,7/14/2019
201901381,cle,min,4,3,7/14/2019
201901382,mia,nyn,2,6,7/14/2019
201901383,chn,pit,8,3,7/14/2019
201901384,ana,sea,6,3,7/14/2019
201901385,mil,sfn,3,8,7/14/2019
201901386,bal,tba,1,4,7/14/2019
201901387,nya,tor,4,2,7/14/2019
201901388,phi,was,4,3,7/14/2019
201901389,mil,atl,2,4,7/15/2019
201901390,kca,cha,5,2,7/15/2019
201901391,chn,cin,3,6,7/15/2019
201901392,cle,det,8,6,7/15/2019
201901393,ana,hou,9,6,7/15/2019
201901394,phi,lan,2,16,7/15/2019
201901395,sln,pit,7,0,7/15/2019
201901396,col,sfn,2,19,7/15/2019
201901397,col,sfn,1,2,7/15/2019
201901398,nya,tba,4,5,7/15/2019
201901399,bos,tor,10,8,7/15/2019
201901400,tex,ari,2,9,7/16/2019
201901401,mil,atl,13,1,7/16/2019
201901402,kca,cha,11,0,7/16/2019
201901403,chn,cin,4,3,7/16/2019
201901404,cle,det,8,0,7/16/2019
201901405,ana,hou,7,2,7/16/2019
201901406,phi,lan,9,8,7/16/2019
201901407,min,nyn,2,3,7/16/2019
201901408,sln,pit,1,3,7/16/2019
201901409,mia,sdn,12,7,7/16/2019
201901410,oak,sea,9,2,7/16/2019
201901411,col,sfn,4,8,7/16/2019
201901412,nya,tba,8,3,7/16/2019
201901413,bos,tor,4,10,7/16/2019
201901414,bal,was,1,8,7/16/2019
201901415,tex,ari,4,19,7/17/2019
201901416,mil,atl,5,4,7/17/2019
201901417,kca,cha,7,5,7/17/2019
201901418,chn,cin,5,2,7/17/2019
201901419,cle,det,7,2,7/17/2019
201901420,ana,hou,2,11,7/17/2019
201901421,phi,lan,2,7,7/17/2019
201901422,min,nyn,4,14,7/17/2019
201901423,sln,pit,6,5,7/17/2019
201901424,mia,sdn,2,3,7/17/2019
201901425,oak,sea,10,2,7/17/2019
201901426,col,sfn,8,11,7/17/2019
201901427,bos,tor,5,4,7/17/2019
201901428,bal,was,9,2,7/17/2019
201901429,kca,cha,6,5,7/18/2019
201901430,cle,det,6,3,7/18/2019
201901431,ana,hou,2,6,7/18/2019
201901432,phi,lan,7,6,7/18/2019
201901433,ari,mil,1,5,7/18/2019
201901434,sfn,nyn,3,2,7/18/2019
201901435,min,oak,6,3,7/18/2019
201901436,mia,sdn,4,3,7/18/2019
201901437,cin,sln,4,7,7/18/2019
201901438,nya,tba,6,2,7/18/2019
201901439,nya,tba,5,1,7/18/2019
201901440,bos,tor,5,0,7/18/2019
201901441,atl,was,4,13,7/18/2019
201901442,sea,ana,10,0,7/19/2019
201901443,bal,bos,11,2,7/19/2019
201901444,tba,cha,2,9,7/19/2019
201901445,nya,col,8,2,7/19/2019
201901446,cle,kca,10,5,7/19/2019
201901447,lan,mia,2,1,7/19/2019
201901448,ari,mil,10,7,7/19/2019
201901449,sfn,nyn,1,0,7/19/2019
201901450,min,oak,3,5,7/19/2019
201901451,pit,phi,1,6,7/19/2019
201901452,chn,sdn,6,5,7/19/2019
201901453,cin,sln,11,12,7/19/2019
201901454,hou,tex,4,3,7/19/2019
201901455,det,tor,1,12,7/19/2019
201901456,atl,was,4,3,7/19/2019
201901457,sea,ana,2,6,7/20/2019
201901458,bal,bos,6,17,7/20/2019
201901459,tba,cha,1,2,7/20/2019
201901460,nya,col,11,5,7/20/2019
201901461,cle,kca,0,1,7/20/2019
201901462,lan,mia,10,6,7/20/2019
201901463,ari,mil,3,8,7/20/2019
201901464,sfn,nyn,4,11,7/20/2019
201901465,min,oak,4,5,7/20/2019
201901466,pit,phi,5,1,7/20/2019
201901467,chn,sdn,6,5,7/20/2019
201901468,cin,sln,3,2,7/20/2019
201901469,hou,tex,6,1,7/20/2019
201901470,det,tor,5,7,7/20/2019
201901471,atl,was,3,5,7/20/2019
201901472,sea,ana,3,9,7/21/2019
201901473,bal,bos,5,0,7/21/2019
201901474,tba,cha,4,2,7/21/2019
201901475,nya,col,4,8,7/21/2019
201901476,cle,kca,5,4,7/21/2019
201901477,lan,mia,9,0,7/21/2019
201901478,ari,mil,4,7,7/21/2019
201901479,sfn,nyn,3,2,7/21/2019
201901480,min,oak,7,6,7/21/2019
201901481,pit,phi,1,2,7/21/2019
201901482,chn,sdn,1,5,7/21/2019
201901483,cin,sln,1,3,7/21/2019
201901484,hou,tex,5,3,7/21/2019
201901485,det,tor,4,3,7/21/2019
201901486,atl,was,7,1,7/21/2019
201901487,ari,bal,6,3,7/22/2019
201901488,tba,bos,4,9,7/22/2019
201901489,sfn,chn,5,4,7/22/2019
201901490,mil,cin,5,6,7/22/2019
201901491,tor,cle,3,7,7/22/2019
201901492,cha,mia,9,1,7/22/2019
201901493,min,nya,8,6,7/22/2019
201901494,hou,oak,11,1,7/22/2019
201901495,pit,sln,5,6,7/22/2019
201901496,sea,tex,7,3,7/22/2019
201901497,lan,ana,4,5,7/23/2019
201901498,ari,bal,2,7,7/23/2019
201901499,tba,bos,4,5,7/23/2019
201901500,sfn,chn,5,4,7/23/2019
201901501,mil,cin,6,14,7/23/2019
201901502,tor,cle,2,1,7/23/2019
201901503,was,col,11,1,7/23/2019
201901504,atl,kca,4,5,7/23/2019
201901505,cha,mia,1,5,7/23/2019
201901506,min,nya,12,14,7/23/2019
201901507,hou,oak,3,4,7/23/2019
201901508,det,phi,2,3,7/23/2019
201901509,nyn,sdn,5,2,7/23/2019
201901510,pit,sln,3,4,7/23/2019
201901511,sea,tex,2,7,7/23/2019
201901512,lan,ana,2,3,7/24/2019
201901513,ari,bal,5,2,7/24/2019
201901514,tba,bos,3,2,7/24/2019
201901515,sfn,chn,1,4,7/24/2019
201901516,mil,cin,5,4,7/24/2019
201901517,tor,cle,0,4,7/24/2019
201901518,was,col,3,2,7/24/2019
201901519,was,col,2,0,7/24/2019
201901520,atl,kca,0,2,7/24/2019
201901521,cha,mia,0,2,7/24/2019
201901522,min,nya,7,10,7/24/2019
201901523,hou,oak,4,2,7/24/2019
201901524,det,phi,0,4,7/24/2019
201901525,nyn,sdn,2,7,7/24/2019
201901526,pit,sln,8,14,7/24/2019
201901527,sea,tex,5,3,7/24/2019
201901528,ana,bal,8,10,7/25/2019
201901529,kca,cle,4,5,7/25/2019
201901530,was,col,7,8,7/25/2019
201901531,sea,det,10,2,7/25/2019
201901532,cha,min,3,10,7/25/2019
201901533,bos,nya,19,3,7/25/2019
201901534,nyn,sdn,4,0,7/25/2019
201901535,pit,sln,3,6,7/25/2019
201901536,oak,tex,3,11,7/25/2019
201901537,mia,ari,3,2,7/26/2019
201901538,phi,atl,2,9,7/26/2019
201901539,ana,bal,3,9,7/26/2019
201901540,mil,chn,3,2,7/26/2019
201901541,kca,cle,3,8,7/26/2019
201901542,cin,col,2,12,7/26/2019
201901543,sea,det,3,2,7/26/2019
201901544,sln,hou,5,3,7/26/2019
201901545,was,lan,2,4,7/26/2019
201901546,cha,min,2,6,7/26/2019
201901547,bos,nya,10,5,7/26/2019
201901548,nyn,pit,6,3,7/26/2019
201901549,sdn,sfn,1,2,7/26/2019
201901550,tor,tba,1,3,7/26/2019
201901551,oak,tex,2,5,7/26/2019
201901552,mia,ari,2,9,7/27/2019
201901553,phi,atl,7,15,7/27/2019
201901554,ana,bal,7,8,7/27/2019
201901555,mil,chn,5,3,7/27/2019
201901556,kca,cle,1,9,7/27/2019
201901557,cin,col,3,1,7/27/2019
201901558,sea,det,8,1,7/27/2019
201901559,sln,hou,2,8,7/27/2019
201901560,was,lan,3,9,7/27/2019
201901561,cha,min,5,1,7/27/2019
201901562,bos,nya,9,5,7/27/2019
201901563,nyn,pit,3,0,7/27/2019
201901564,sdn,sfn,5,1,7/27/2019
201901565,tor,tba,10,9,7/27/2019
201901566,oak,tex,5,4,7/27/2019
201901567,mia,ari,5,1,7/28/2019
201901568,phi,atl,9,4,7/28/2019
201901569,ana,bal,5,4,7/28/2019
201901570,mil,chn,4,11,7/28/2019
201901571,kca,cle,9,6,7/28/2019
201901572,cin,col,3,2,7/28/2019
201901573,sea,det,3,2,7/28/2019
201901574,sln,hou,2,6,7/28/2019
201901575,was,lan,11,4,7/28/2019
201901576,cha,min,1,11,7/28/2019
201901577,bos,nya,6,9,7/28/2019
201901578,nyn,pit,8,7,7/28/2019
201901579,sdn,sfn,6,7,7/28/2019
201901580,tor,tba,9,10,7/28/2019
201901581,oak,tex,6,5,7/28/2019
201901582,mia,ari,11,6,7/29/2019
201901583,was,atl,6,3,7/29/2019
201901584,sdn,bal,8,1,7/29/2019
201901585,ana,det,2,7,7/29/2019
201901586,col,lan,9,1,7/29/2019
201901587,cin,pit,11,6,7/29/2019
201901588,kca,tor,3,7,7/29/2019
201901589,nya,ari,2,4,7/30/2019
201901590,was,atl,8,11,7/30/2019
201901591,sdn,bal,5,8,7/30/2019
201901592,sln,chn,2,1,7/30/2019
201901593,ana,det,6,1,7/30/2019
201901594,cle,hou,0,2,7/30/2019
201901595,col,lan,4,9,7/30/2019
201901596,oak,mil,3,2,7/30/2019
201901597,mia,min,1,2,7/30/2019
201901598,cha,nyn,2,5,7/30/2019
201901599,cin,pit,4,11,7/30/2019
201901600,tex,sea,5,8,7/30/2019
201901601,phi,sfn,4,2,7/30/2019
201901602,bos,tba,5,6,7/30/2019
201901603,kca,tor,2,9,7/30/2019
201901604,nya,ari,7,5,7/31/2019
201901605,was,atl,4,5,7/31/2019
201901606,sln,chn,0,2,7/31/2019
201901607,ana,det,1,9,7/31/2019
201901608,cle,hou,10,4,7/31/2019
201901609,col,lan,1,5,7/31/2019
201901610,oak,mil,2,4,7/31/2019
201901611,mia,min,4,7,7/31/2019
201901612,cha,nyn,2,4,7/31/2019
201901613,cin,pit,4,1,7/31/2019
201901614,tex,sea,9,7,7/31/2019
201901615,phi,sfn,1,5,7/31/2019
201901616,bos,tba,5,8,7/31/2019
201901617,kca,tor,1,4,7/31/2019
201901618,sln,chn,8,0,8/1/2019
201901619,atl,cin,4,1,8/1/2019
201901620,cle,hou,1,7,8/1/2019
201901621,oak,mil,5,3,8/1/2019
201901622,mia,min,5,4,8/1/2019
201901623,cha,nyn,0,4,8/1/2019
201901624,lan,sdn,8,2,8/1/2019
201901625,phi,sfn,10,2,8/1/2019
201901626,bos,tba,4,9,8/1/2019
201901627,bal,tor,2,11,8/1/2019
201901628,cle,ana,7,3,8/2/2019
201901629,nya,bos,4,2,8/2/2019
201901630,phi,cha,3,4,8/2/2019
201901631,atl,cin,2,5,8/2/2019
201901632,tex,det,5,4,8/2/2019
201901633,min,kca,11,9,8/2/2019
201901634,chn,mil,6,2,8/2/2019
201901635,pit,nyn,8,4,8/2/2019
201901636,lan,sdn,2,5,8/2/2019
201901637,hou,sea,10,2,8/2/2019
201901638,col,sfn,5,4,8/2/2019
201901639,bal,tor,2,5,8/2/2019
201901640,ari,was,0,3,8/2/2019
201901641,cle,ana,7,2,8/3/2019
201901642,nya,bos,9,2,8/3/2019
201901643,nya,bos,6,4,8/3/2019
201901644,phi,cha,3,2,8/3/2019
201901645,atl,cin,5,4,8/3/2019
201901646,tex,det,5,4,8/3/2019
201901647,min,kca,11,3,8/3/2019
201901648,tba,mia,8,6,8/3/2019
201901649,chn,mil,4,1,8/3/2019
201901650,pit,nyn,5,7,8/3/2019
201901651,lan,sdn,4,1,8/3/2019
201901652,hou,sea,9,0,8/3/2019
201901653,col,sfn,5,6,8/3/2019
201901654,oak,sln,8,3,8/3/2019
201901655,bal,tor,6,4,8/3/2019
201901656,ari,was,18,7,8/3/2019
201901657,cle,ana,6,2,8/4/2019
201901658,nya,bos,7,4,8/4/2019
201901659,phi,cha,5,10,8/4/2019
201901660,atl,cin,4,6,8/4/2019
201901661,tex,det,9,4,8/4/2019
201901662,min,kca,3,0,8/4/2019
201901663,tba,mia,7,2,8/4/2019
201901664,chn,mil,7,2,8/4/2019
201901665,pit,nyn,2,13,8/4/2019
201901666,lan,sdn,11,10,8/4/2019
201901667,hou,sea,3,1,8/4/2019
201901668,col,sfn,6,2,8/4/2019
201901669,oak,sln,4,2,8/4/2019
201901670,bal,tor,6,5,8/4/2019
201901671,ari,was,7,5,8/4/2019
201901672,cin,ana,7,4,8/5/2019
201901673,min,atl,5,3,8/5/2019
201901674,det,cha,4,7,8/5/2019
201901675,bos,kca,7,5,8/5/2019
201901676,nyn,mia,6,2,8/5/2019
201901677,nyn,mia,5,4,8/5/2019
201901678,pit,mil,7,9,8/5/2019
201901679,bal,nya,6,9,8/5/2019
201901680,chn,oak,6,5,8/5/2019
201901681,ari,phi,3,7,8/5/2019
201901682,lan,sln,8,0,8/5/2019
201901683,cle,tex,0,1,8/5/2019
201901684,tba,tor,0,2,8/5/2019
201901685,sfn,was,0,4,8/5/2019
201901686,cin,ana,8,4,8/6/2019
201901687,min,atl,7,12,8/6/2019
201901688,det,cha,3,5,8/6/2019
201901689,det,cha,10,6,8/6/2019
201901690,hou,col,11,6,8/6/2019
201901691,bos,kca,2,6,8/6/2019
201901692,nyn,mia,5,0,8/6/2019
201901693,pit,mil,3,4,8/6/2019
201901694,bal,nya,4,9,8/6/2019
201901695,chn,oak,4,11,8/6/2019
201901696,ari,phi,8,4,8/6/2019
201901697,sea,sdn,4,9,8/6/2019
201901698,lan,sln,3,1,8/6/2019
201901699,tba,tor,7,6,8/6/2019
201901700,sfn,was,3,5,8/6/2019
201901701,min,atl,7,11,8/7/2019
201901702,det,cha,1,8,8/7/2019
201901703,hou,col,14,3,8/7/2019
201901704,bos,kca,5,4,8/7/2019
201901705,nyn,mia,7,2,8/7/2019
201901706,pit,mil,3,8,8/7/2019
201901707,bal,nya,2,14,8/7/2019
201901708,chn,oak,10,1,8/7/2019
201901709,ari,phi,6,1,8/7/2019
201901710,sea,sdn,3,2,8/7/2019
201901711,lan,sln,2,1,8/7/2019
201901712,cle,tex,2,0,8/7/2019
201901713,cle,tex,5,1,8/7/2019
201901714,tba,tor,3,4,8/7/2019
201901715,sfn,was,1,4,8/7/2019
201901716,bos,ana,3,0,8/8/2019
201901717,mia,atl,9,2,8/8/2019
201901718,cin,chn,5,12,8/8/2019
201901719,min,cle,5,7,8/8/2019
201901720,sdn,col,9,3,8/8/2019
201901721,det,kca,10,8,8/8/2019
201901722,tor,nya,6,12,8/8/2019
201901723,sfn,phi,5,0,8/8/2019
201901724,bos,ana,16,4,8/9/2019
201901725,lan,ari,2,3,8/9/2019
201901726,mia,atl,4,8,8/9/2019
201901727,cin,chn,5,2,8/9/2019
201901728,min,cle,2,6,8/9/2019
201901729,sdn,col,7,1,8/9/2019
201901730,bal,hou,2,3,8/9/2019
201901731,det,kca,5,2,8/9/2019
201901732,tor,nya,8,2,8/9/2019
201901733,cha,oak,0,7,8/9/2019
201901734,sfn,phi,6,9,8/9/2019
201901735,sln,pit,6,2,8/9/2019
201901736,sea,tba,3,5,8/9/2019
201901737,mil,tex,6,5,8/9/2019
201901738,nyn,was,7,6,8/9/2019
201901739,bos,ana,4,12,8/10/2019
201901740,lan,ari,4,0,8/10/2019
201901741,mia,atl,7,6,8/10/2019
201901742,cin,chn,10,1,8/10/2019
201901743,min,cle,4,1,8/10/2019
201901744,sdn,col,8,5,8/10/2019
201901745,bal,hou,2,23,8/10/2019
201901746,det,kca,0,7,8/10/2019
201901747,tor,nya,5,4,8/10/2019
201901748,cha,oak,3,2,8/10/2019
201901749,sfn,phi,3,1,8/10/2019
201901750,sln,pit,3,1,8/10/2019
201901751,sea,tba,4,5,8/10/2019
201901752,mil,tex,3,2,8/10/2019
201901753,nyn,was,4,3,8/10/2019
201901754,bos,ana,4,5,8/11/2019
201901755,lan,ari,9,3,8/11/2019
201901756,mia,atl,4,5,8/11/2019
201901757,cin,chn,3,6,8/11/2019
201901758,min,cle,3,7,8/11/2019
201901759,sdn,col,3,8,8/11/2019
201901760,bal,hou,8,7,8/11/2019
201901761,det,kca,2,10,8/11/2019
201901762,tor,nya,0,1,8/11/2019
201901763,cha,oak,0,2,8/11/2019
201901764,sfn,phi,9,6,8/11/2019
201901765,sln,pit,11,9,8/11/2019
201901766,sea,tba,0,1,8/11/2019
201901767,mil,tex,0,1,8/11/2019
201901768,nyn,was,4,7,8/11/2019
201901769,col,ari,6,8,8/12/2019
201901770,nya,bal,8,5,8/12/2019
201901771,nya,bal,11,8,8/12/2019
201901772,cle,bos,6,5,8/12/2019
201901773,was,cin,7,6,8/12/2019
201901774,ana,pit,2,10,8/12/2019
201901775,sdn,tba,4,10,8/12/2019
201901776,tor,tex,19,4,8/12/2019
201901777,col,ari,3,9,8/13/2019
201901778,nya,bal,8,3,8/13/2019
201901779,cle,bos,6,7,8/13/2019
201901780,phi,chn,4,2,8/13/2019
201901781,was,cin,3,1,8/13/2019
201901782,cha,hou,2,6,8/13/2019
201901783,cha,hou,4,1,8/13/2019
201901784,mia,lan,1,15,8/13/2019
201901785,mil,min,5,7,8/13/2019
201901786,atl,nyn,5,3,8/13/2019
201901787,sfn,oak,3,2,8/13/2019
201901788,ana,pit,7,10,8/13/2019
201901789,det,sea,6,11,8/13/2019
201901790,kca,sln,0,2,8/13/2019
201901791,sdn,tba,5,7,8/13/2019
201901792,tor,tex,3,0,8/13/2019
201901793,col,ari,7,6,8/14/2019
201901794,nya,bal,6,5,8/14/2019
201901795,cle,bos,1,5,8/14/2019
201901796,phi,chn,11,1,8/14/2019
201901797,was,cin,17,7,8/14/2019
201901798,cha,hou,13,9,8/14/2019
201901799,mia,lan,1,9,8/14/2019
201901800,mil,min,6,5,8/14/2019
201901801,atl,nyn,6,4,8/14/2019
201901802,sfn,oak,5,9,8/14/2019
201901803,ana,pit,7,4,8/14/2019
201901804,det,sea,3,2,8/14/2019
201901805,kca,sln,0,6,8/14/2019
201901806,sdn,tba,7,2,8/14/2019
201901807,tor,tex,3,7,8/14/2019
201901808,ana,cha,8,7,8/15/2019
201901809,phi,chn,7,5,8/15/2019
201901810,nya,cle,5,19,8/15/2019
201901811,oak,hou,7,6,8/15/2019
201901812,mia,lan,13,7,8/15/2019
201901813,tex,min,6,13,8/15/2019
201901814,atl,nyn,8,10,8/15/2019
201901815,det,sea,2,7,8/15/2019
201901816,ari,sfn,0,7,8/15/2019
201901817,cin,sln,2,1,8/15/2019
201901818,bos,bal,9,1,8/16/2019
201901819,ana,cha,2,7,8/16/2019
201901820,pit,chn,3,2,8/16/2019
201901821,nya,cle,3,2,8/16/2019
201901822,tba,det,0,2,8/16/2019
201901823,oak,hou,3,2,8/16/2019
201901824,atl,lan,3,8,8/16/2019
201901825,col,mia,3,0,8/16/2019
201901826,was,mil,2,1,8/16/2019
201901827,tex,min,3,4,8/16/2019
201901828,kca,nyn,4,1,8/16/2019
201901829,phi,sdn,8,4,8/16/2019
201901830,tor,sea,7,3,8/16/2019
201901831,ari,sfn,9,10,8/16/2019
201901832,cin,sln,4,13,8/16/2019
201901833,bos,bal,4,0,8/17/2019
201901834,ana,cha,6,5,8/17/2019
201901835,pit,chn,0,2,8/17/2019
201901836,nya,cle,6,5,8/17/2019
201901837,tba,det,1,0,8/17/2019
201901838,oak,hou,8,4,8/17/2019
201901839,atl,lan,4,3,8/17/2019
201901840,col,mia,11,4,8/17/2019
201901841,was,mil,14,15,8/17/2019
201901842,tex,min,7,12,8/17/2019
201901843,kca,nyn,1,4,8/17/2019
201901844,phi,sdn,3,5,8/17/2019
201901845,tor,sea,3,4,8/17/2019
201901846,ari,sfn,6,11,8/17/2019
201901847,cin,sln,6,1,8/17/2019
201901848,bos,bal,13,7,8/18/2019
201901849,ana,cha,9,2,8/18/2019
201901850,pit,chn,1,7,8/18/2019
201901851,nya,cle,4,8,8/18/2019
201901852,tba,det,5,4,8/18/2019
201901853,oak,hou,1,4,8/18/2019
201901854,atl,lan,5,3,8/18/2019
201901855,col,mia,7,6,8/18/2019
201901856,was,mil,16,8,8/18/2019
201901857,tex,min,3,6,8/18/2019
201901858,kca,nyn,5,11,8/18/2019
201901859,phi,sdn,2,3,8/18/2019
201901860,tor,sea,0,7,8/18/2019
201901861,ari,sfn,6,1,8/18/2019
201901862,cin,sln,4,5,8/18/2019
201901863,tex,ana,8,7,8/19/2019
201901864,min,cha,4,6,8/19/2019
201901865,ari,col,5,3,8/19/2019
201901866,hou,det,5,4,8/19/2019
201901867,bal,kca,4,5,8/19/2019
201901868,sln,mil,3,0,8/19/2019
201901869,cin,sdn,2,3,8/19/2019
201901870,tba,sea,3,9,8/19/2019
201901871,pit,was,0,13,8/19/2019
201901872,tex,ana,1,5,8/20/2019
201901873,tex,ana,3,2,8/20/2019
201901874,min,cha,14,4,8/20/2019
201901875,nyn,cle,9,2,8/20/2019
201901876,ari,col,8,7,8/20/2019
201901877,hou,det,6,3,8/20/2019
201901878,bal,kca,4,1,8/20/2019
201901879,atl,mia,5,1,8/20/2019
201901880,sln,mil,9,4,8/20/2019
201901881,oak,nya,6,2,8/20/2019
201901882,bos,phi,2,3,8/20/2019
201901883,cin,sdn,3,2,8/20/2019
201901884,tba,sea,4,7,8/20/2019
201901885,chn,sfn,5,3,8/20/2019
201901886,lan,tor,16,3,8/20/2019
201901887,pit,was,4,1,8/20/2019
201901888,tex,ana,8,7,8/21/2019
201901889,min,cha,0,4,8/21/2019
201901890,nyn,cle,4,3,8/21/2019
201901891,ari,col,2,7,8/21/2019
201901892,hou,det,1,2,8/21/2019
201901893,bal,kca,8,1,8/21/2019
201901894,atl,mia,5,0,8/21/2019
201901895,sln,mil,3,5,8/21/2019
201901896,oak,nya,6,4,8/21/2019
201901897,bos,phi,2,5,8/21/2019
201901898,cin,sdn,4,2,8/21/2019
201901899,tba,sea,7,6,8/21/2019
201901900,chn,sfn,12,11,8/21/2019
201901901,lan,tor,2,1,8/21/2019
201901902,pit,was,1,11,8/21/2019
201901903,nyn,cle,2,0,8/22/2019
201901904,sln,col,6,5,8/22/2019
201901905,hou,det,6,3,8/22/2019
201901906,atl,mia,3,2,8/22/2019
201901907,oak,nya,5,3,8/22/2019
201901908,chn,sfn,1,0,8/22/2019
201901909,bal,tba,2,5,8/22/2019
201901910,cha,tex,6,1,8/22/2019
201901911,lan,tor,3,2,8/22/2019
201901912,pit,was,1,7,8/22/2019
201901913,hou,ana,5,4,8/23/2019
201901914,mil,ari,6,1,8/23/2019
201901915,nyn,atl,1,2,8/23/2019
201901916,sdn,bos,0,11,8/23/2019
201901917,pit,cin,3,2,8/23/2019
201901918,sln,col,8,3,8/23/2019
201901919,min,det,6,9,8/23/2019
201901920,cle,kca,4,1,8/23/2019
201901921,lan,nya,2,10,8/23/2019
201901922,mia,phi,19,11,8/23/2019
201901923,bal,tba,1,7,8/23/2019
201901924,cha,tex,8,3,8/23/2019
201901925,sea,tor,7,4,8/23/2019
201901926,chn,was,3,9,8/23/2019
201901927,hou,ana,5,2,8/24/2019
201901928,mil,ari,4,0,8/24/2019
201901929,nyn,atl,5,9,8/24/2019
201901930,sdn,bos,4,5,8/24/2019
201901931,pit,cin,14,0,8/24/2019
201901932,sln,col,6,0,8/24/2019
201901933,min,det,8,5,8/24/2019
201901934,cle,kca,4,2,8/24/2019
201901935,lan,nya,2,1,8/24/2019
201901936,mia,phi,3,9,8/24/2019
201901937,oak,sfn,5,10,8/24/2019
201901938,bal,tba,7,1,8/24/2019
201901939,cha,tex,0,4,8/24/2019
201901940,sea,tor,5,7,8/24/2019
201901941,chn,was,2,7,8/24/2019
201901942,hou,ana,11,2,8/25/2019
201901943,mil,ari,2,5,8/25/2019
201901944,nyn,atl,1,2,8/25/2019
201901945,sdn,bos,3,1,8/25/2019
201901946,pit,cin,9,8,8/25/2019
201901947,sln,col,11,4,8/25/2019
201901948,min,det,7,4,8/25/2019
201901949,cle,kca,8,9,8/25/2019
201901950,lan,nya,1,5,8/25/2019
201901951,mia,phi,3,2,8/25/2019
201901952,oak,sfn,4,5,8/25/2019
201901953,bal,tba,8,3,8/25/2019
201901954,cha,tex,2,0,8/25/2019
201901955,sea,tor,3,1,8/25/2019
201901956,chn,was,5,7,8/25/2019
201901957,sfn,ari,4,6,8/26/2019
201901958,col,atl,3,1,8/26/2019
201901959,mia,cin,3,6,8/26/2019
201901960,sdn,lan,4,3,8/26/2019
201901961,sea,nya,4,5,8/26/2019
201901962,kca,oak,4,19,8/26/2019
201901963,phi,pit,6,5,8/26/2019
201901964,mil,sln,2,12,8/26/2019
201901965,sfn,ari,2,3,8/27/2019
201901966,tor,atl,3,1,8/27/2019
201901967,was,bal,0,2,8/27/2019
201901968,col,bos,6,10,8/27/2019
201901969,nyn,chn,2,5,8/27/2019
201901970,mia,cin,5,8,8/27/2019
201901971,det,cle,1,10,8/27/2019
201901972,sdn,lan,0,9,8/27/2019
201901973,cha,min,1,3,8/27/2019
201901974,sea,nya,0,7,8/27/2019
201901975,kca,oak,1,2,8/27/2019
201901976,phi,pit,4,5,8/27/2019
201901977,mil,sln,3,6,8/27/2019
201901978,hou,tba,15,1,8/27/2019
201901979,ana,tex,5,2,8/27/2019
201901980,tor,atl,4,9,8/28/2019
201901981,was,bal,8,4,8/28/2019
201901982,col,bos,4,7,8/28/2019
201901983,nyn,chn,7,10,8/28/2019
201901984,mia,cin,0,5,8/28/2019
201901985,det,cle,2,4,8/28/2019
201901986,sdn,lan,4,6,8/28/2019
201901987,cha,min,2,8,8/28/2019
201901988,sea,nya,3,7,8/28/2019
201901989,kca,oak,6,4,8/28/2019
201901990,phi,pit,12,3,8/28/2019
201901991,hou,tba,8,6,8/28/2019
201901992,ana,tex,0,3,8/28/2019
201901993,nyn,chn,1,4,8/29/2019
201901994,mia,cin,4,3,8/29/2019
201901995,det,cle,0,2,8/29/2019
201901996,ari,lan,11,5,8/29/2019
201901997,cha,min,5,10,8/29/2019
201901998,kca,oak,8,9,8/29/2019
201901999,col,pit,8,11,8/29/2019
201902000,sfn,sdn,3,5,8/29/2019
201902001,tex,sea,3,5,8/29/2019
201902002,hou,tba,8,9,8/29/2019
201902003,kca,bal,2,14,8/30/2019
201902004,ana,bos,6,7,8/30/2019
201902005,atl,cha,10,7,8/30/2019
201902006,tba,cle,4,0,8/30/2019
201902007,tor,hou,4,7,8/30/2019
201902008,ari,lan,5,4,8/30/2019
201902009,was,mia,7,6,8/30/2019
201902010,chn,mil,7,1,8/30/2019
201902011,det,min,5,13,8/30/2019
201902012,phi,nyn,5,11,8/30/2019
201902013,nya,oak,2,8,8/30/2019
201902014,col,pit,4,9,8/30/2019
201902015,sfn,sdn,8,3,8/30/2019
201902016,tex,sea,6,3,8/30/2019
201902017,kca,bal,7,5,8/31/2019
201902018,ana,bos,10,4,8/31/2019
201902019,atl,cha,11,5,8/31/2019
201902020,sln,cin,10,6,8/31/2019
201902021,sln,cin,3,2,8/31/2019
201902022,tba,cle,9,6,8/31/2019
201902023,tor,hou,6,4,8/31/2019
201902024,ari,lan,6,5,8/31/2019
201902025,was,mia,7,0,8/31/2019
201902026,chn,mil,0,2,8/31/2019
201902027,det,min,10,7,8/31/2019
201902028,phi,nyn,3,6,8/31/2019
201902029,nya,oak,4,3,8/31/2019
201902030,col,pit,4,11,8/31/2019
201902031,sfn,sdn,1,4,8/31/2019
201902032,tex,sea,3,2,8/31/2019
201902033,kca,bal,6,4,9/1/2019
201902034,ana,bos,3,4,9/1/2019
201902035,atl,cha,5,3,9/1/2019
201902036,sln,cin,4,3,9/1/2019
201902037,sln,cin,3,5,9/1/2019
201902038,tba,cle,8,2,9/1/2019
201902039,tor,hou,0,2,9/1/2019
201902040,ari,lan,3,4,9/1/2019
201902041,was,mia,9,3,9/1/2019
201902042,chn,mil,0,4,9/1/2019
201902043,det,min,3,8,9/1/2019
201902044,phi,nyn,5,2,9/1/2019
201902045,nya,oak,5,4,9/1/2019
201902046,col,pit,2,6,9/1/2019
201902047,sfn,sdn,4,8,9/1/2019
201902048,tex,sea,3,11,9/1/2019
201902049,tba,bal,5,4,9/2/2019
201902050,cle,cha,11,3,9/2/2019
201902051,lan,col,16,9,9/2/2019
201902052,mil,hou,2,3,9/2/2019
201902053,det,min,3,4,9/2/2019
201902054,was,nyn,3,7,9/2/2019
201902055,cin,phi,1,7,9/2/2019
201902056,ari,sdn,14,7,9/2/2019
201902057,chn,sea,5,1,9/2/2019
201902058,sln,sfn,3,1,9/2/2019
201902059,nya,tex,0,7,9/2/2019
201902060,atl,tor,6,3,9/2/2019
201902061,oak,ana,7,5,9/3/2019
201902062,tba,bal,2,4,9/3/2019
201902063,tba,bal,2,0,9/3/2019
201902064,cle,cha,5,6,9/3/2019
201902065,lan,col,5,3,9/3/2019
201902066,kca,det,6,5,9/3/2019
201902067,mil,hou,4,2,9/3/2019
201902068,pit,mia,4,5,9/3/2019
201902069,bos,min,5,6,9/3/2019
201902070,was,nyn,11,10,9/3/2019
201902071,cin,phi,2,6,9/3/2019
201902072,ari,sdn,2,1,9/3/2019
201902073,chn,sea,6,1,9/3/2019
201902074,sln,sfn,1,0,9/3/2019
201902075,nya,tex,10,1,9/3/2019
201902076,atl,tor,7,2,9/3/2019
201902077,oak,ana,4,0,9/4/2019
201902078,cle,cha,8,6,9/4/2019
201902079,lan,col,7,3,9/4/2019
201902080,kca,det,5,4,9/4/2019
201902081,pit,mia,6,5,9/4/2019
201902082,bos,min,6,2,9/4/2019
201902083,was,nyn,4,8,9/4/2019
201902084,cin,phi,8,5,9/4/2019
201902085,ari,sdn,4,1,9/4/2019
201902086,sln,sfn,8,9,9/4/2019
201902087,nya,tex,4,1,9/4/2019
201902088,oak,ana,10,6,9/5/2019
201902089,cle,cha,1,7,9/5/2019
201902090,mil,chn,5,10,9/5/2019
201902091,kca,det,4,6,9/5/2019
201902092,pit,mia,7,10,9/5/2019
201902093,bos,min,1,2,9/5/2019
201902094,cin,phi,4,3,9/5/2019
201902095,hou,sea,11,9,9/5/2019
201902096,sln,sfn,10,0,9/5/2019
201902097,bal,tex,1,3,9/5/2019
201902098,tba,tor,6,4,9/5/2019
201902099,atl,was,4,2,9/5/2019
201902100,cha,ana,4,5,9/6/2019
201902101,cin,ari,5,7,9/6/2019
201902102,mil,chn,7,1,9/6/2019
201902103,min,cle,2,6,9/6/2019
201902104,sdn,col,2,3,9/6/2019
201902105,oak,det,4,5,9/6/2019
201902106,mia,kca,0,3,9/6/2019
201902107,bos,nya,6,1,9/6/2019
201902108,nyn,phi,5,4,9/6/2019
201902109,hou,sea,7,4,9/6/2019
201902110,lan,sfn,4,5,9/6/2019
201902111,pit,sln,9,4,9/6/2019
201902112,bal,tex,6,7,9/6/2019
201902113,tba,tor,5,0,9/6/2019
201902114,atl,was,4,3,9/6/2019
201902115,cha,ana,7,8,9/7/2019
201902116,cin,ari,0,2,9/7/2019
201902117,mil,chn,3,2,9/7/2019
201902118,min,cle,5,3,9/7/2019
201902119,sdn,col,3,0,9/7/2019
201902120,oak,det,10,2,9/7/2019
201902121,mia,kca,2,7,9/7/2019
201902122,bos,nya,1,5,9/7/2019
201902123,nyn,phi,0,5,9/7/2019
201902124,hou,sea,2,1,9/7/2019
201902125,lan,sfn,0,1,9/7/2019
201902126,pit,sln,1,10,9/7/2019
201902127,bal,tex,4,9,9/7/2019
201902128,tba,tor,5,3,9/7/2019
201902129,atl,was,5,4,9/7/2019
201902130,cha,ana,5,1,9/8/2019
201902131,cin,ari,4,3,9/8/2019
201902132,mil,chn,8,5,9/8/2019
201902133,min,cle,2,5,9/8/2019
201902134,sdn,col,2,1,9/8/2019
201902135,oak,det,3,1,9/8/2019
201902136,mia,kca,9,0,9/8/2019
201902137,bos,nya,5,10,9/8/2019
201902138,nyn,phi,7,10,9/8/2019
201902139,hou,sea,21,1,9/8/2019
201902140,lan,sfn,5,0,9/8/2019
201902141,pit,sln,0,2,9/8/2019
201902142,bal,tex,4,10,9/8/2019
201902143,tba,tor,8,3,9/8/2019
201902144,atl,was,4,9,9/8/2019
201902145,nyn,ari,3,1,9/9/2019
201902146,phi,atl,2,7,9/9/2019
201902147,sdn,chn,2,10,9/9/2019
201902148,ana,cle,2,6,9/9/2019
201902149,mia,mil,3,8,9/9/2019
201902150,bos,nya,0,5,9/9/2019
201902151,hou,oak,15,0,9/9/2019
201902152,sfn,pit,4,6,9/9/2019
201902153,nyn,ari,3,2,9/10/2019
201902154,phi,atl,6,5,9/10/2019
201902155,tor,bos,4,3,9/10/2019
201902156,sdn,chn,9,8,9/10/2019
201902157,sea,cin,4,3,9/10/2019
201902158,ana,cle,0,8,9/10/2019
201902159,cha,kca,7,3,9/10/2019
201902160,bal,lan,3,7,9/10/2019
201902161,mia,mil,3,4,9/10/2019
201902162,det,nya,12,11,9/10/2019
201902163,hou,oak,7,21,9/10/2019
201902164,sfn,pit,5,4,9/10/2019
201902165,col,sln,2,1,9/10/2019
201902166,tex,tba,3,5,9/10/2019
201902167,min,was,5,0,9/10/2019
201902168,nyn,ari,9,0,9/11/2019
201902169,phi,atl,1,3,9/11/2019
201902170,tor,bos,8,0,9/11/2019
201902171,sdn,chn,4,0,9/11/2019
201902172,sea,cin,5,3,9/11/2019
201902173,cha,kca,6,8,9/11/2019
201902174,bal,lan,7,3,9/11/2019
201902175,mia,mil,5,7,9/11/2019
201902176,hou,oak,3,5,9/11/2019
201902177,sfn,pit,3,6,9/11/2019
201902178,col,sln,2,1,9/11/2019
201902179,tex,tba,10,9,9/11/2019
201902180,min,was,2,6,9/11/2019
201902181,nyn,ari,11,1,9/12/2019
201902182,phi,atl,9,5,9/12/2019
201902183,tor,bos,4,7,9/12/2019
201902184,sdn,chn,1,4,9/12/2019
201902185,sea,cin,5,11,9/12/2019
201902186,cha,kca,3,6,9/12/2019
201902187,bal,lan,2,4,9/12/2019
201902188,mia,mil,2,3,9/12/2019
201902189,det,nya,4,10,9/12/2019
201902190,det,nya,4,6,9/12/2019
201902191,hou,oak,2,3,9/12/2019
201902192,sfn,pit,2,4,9/12/2019
201902193,col,sln,3,10,9/12/2019
201902194,tex,tba,6,4,9/12/2019
201902195,min,was,6,12,9/12/2019
201902196,was,atl,0,5,9/13/2019
201902197,det,bal,2,6,9/13/2019
201902198,sea,cha,7,9,9/13/2019
201902199,ari,cin,3,4,9/13/2019
201902200,kca,hou,1,4,9/13/2019
201902201,nyn,lan,2,9,9/13/2019
201902202,sfn,mia,1,0,9/13/2019
201902203,sln,mil,10,0,9/13/2019
201902204,tor,nya,6,5,9/13/2019
201902205,tex,oak,9,14,9/13/2019
201902206,chn,pit,17,8,9/13/2019
201902207,col,sdn,10,8,9/13/2019
201902208,ana,tba,4,11,9/13/2019
201902209,was,atl,1,10,9/14/2019
201902210,det,bal,8,4,9/14/2019
201902211,phi,bos,1,2,9/14/2019
201902212,sea,cha,2,1,9/14/2019
201902213,ari,cin,1,0,9/14/2019
201902214,kca,hou,1,6,9/14/2019
201902215,nyn,lan,3,0,9/14/2019
201902216,sfn,mia,2,4,9/14/2019
201902217,sln,mil,2,5,9/14/2019
201902218,cle,min,0,2,9/14/2019
201902219,cle,min,5,9,9/14/2019
201902220,tor,nya,3,13,9/14/2019
201902221,tex,oak,6,8,9/14/2019
201902222,chn,pit,14,1,9/14/2019
201902223,col,sdn,11,10,9/14/2019
201902224,ana,tba,1,3,9/14/2019
201902225,was,atl,7,0,9/15/2019
201902226,det,bal,2,8,9/15/2019
201902227,phi,bos,3,6,9/15/2019
201902228,sea,cha,11,10,9/15/2019
201902229,ari,cin,1,3,9/15/2019
201902230,kca,hou,3,12,9/15/2019
201902231,nyn,lan,2,3,9/15/2019
201902232,sfn,mia,2,1,9/15/2019
201902233,sln,mil,6,7,9/15/2019
201902234,cle,min,7,5,9/15/2019
201902235,tor,nya,6,4,9/15/2019
201902236,tex,oak,1,6,9/15/2019
201902237,chn,pit,16,6,9/15/2019
201902238,col,sdn,10,5,9/15/2019
201902239,ana,tba,6,4,9/15/2019
201902240,det,bal,5,2,9/16/2019
201902241,min,cha,5,3,9/16/2019
201902242,chn,cin,8,2,9/16/2019
201902243,oak,kca,5,6,9/16/2019
201902244,ari,mia,7,5,9/16/2019
201902245,col,nyn,9,4,9/16/2019
201902246,mil,sdn,5,1,9/16/2019
201902247,sln,was,4,2,9/16/2019
201902248,nya,ana,8,0,9/17/2019
201902249,min,cha,9,8,9/17/2019
201902250,chn,cin,2,4,9/17/2019
201902251,cle,det,7,2,9/17/2019
201902252,oak,kca,2,1,9/17/2019
201902253,ari,mia,6,12,9/17/2019
201902254,col,nyn,1,6,9/17/2019
201902255,atl,phi,4,5,9/17/2019
201902256,mil,sdn,3,1,9/17/2019
201902257,pit,sea,0,6,9/17/2019
201902258,bos,sfn,6,7,9/17/2019
201902259,lan,tba,7,5,9/17/2019
201902260,hou,tex,4,1,9/17/2019
201902261,bal,tor,5,8,9/17/2019
201902262,sln,was,2,6,9/17/2019
201902263,nya,ana,2,3,9/18/2019
201902264,min,cha,1,3,9/18/2019
201902265,chn,cin,2,3,9/18/2019
201902266,cle,det,2,1,9/18/2019
201902267,oak,kca,1,0,9/18/2019
201902268,ari,mia,5,4,9/18/2019
201902269,col,nyn,4,7,9/18/2019
201902270,atl,phi,1,4,9/18/2019
201902271,mil,sdn,1,2,9/18/2019
201902272,pit,sea,1,4,9/18/2019
201902273,bos,sfn,3,11,9/18/2019
201902274,lan,tba,7,8,9/18/2019
201902275,hou,tex,3,2,9/18/2019
201902276,bal,tor,10,11,9/18/2019
201902277,sln,was,5,1,9/18/2019
201902278,nya,ana,9,1,9/19/2019
201902279,cle,det,7,0,9/19/2019
201902280,min,kca,8,5,9/19/2019
201902281,atl,phi,5,4,9/19/2019
201902282,mil,sdn,5,1,9/19/2019
201902283,pit,sea,5,6,9/19/2019
201902284,bos,sfn,5,4,9/19/2019
201902285,chn,sln,4,5,9/19/2019
201902286,bal,tor,4,8,9/19/2019
201902287,hou,ana,6,4,9/20/2019
201902288,sdn,ari,0,9,9/20/2019
201902289,tba,bos,5,4,9/20/2019
201902290,det,cha,1,10,9/20/2019
201902291,lan,col,12,5,9/20/2019
201902292,min,kca,4,3,9/20/2019
201902293,cin,nyn,1,8,9/20/2019
201902294,cle,phi,5,2,9/20/2019
201902295,mil,pit,10,1,9/20/2019
201902296,bal,sea,5,3,9/20/2019
201902297,atl,sfn,6,0,9/20/2019
201902298,chn,sln,1,2,9/20/2019
201902299,oak,tex,8,0,9/20/2019
201902300,nya,tor,3,4,9/20/2019
201902301,mia,was,4,6,9/20/2019
201902302,hou,ana,4,8,9/21/2019
201902303,sdn,ari,2,4,9/21/2019
201902304,tba,bos,5,4,9/21/2019
201902305,det,cha,3,5,9/21/2019
201902306,lan,col,2,4,9/21/2019
201902307,min,kca,5,12,9/21/2019
201902308,cin,nyn,3,2,9/21/2019
201902309,cle,phi,4,9,9/21/2019
201902310,mil,pit,10,1,9/21/2019
201902311,bal,sea,6,7,9/21/2019
201902312,atl,sfn,8,1,9/21/2019
201902313,chn,sln,8,9,9/21/2019
201902314,oak,tex,12,3,9/21/2019
201902315,nya,tor,7,2,9/21/2019
201902316,mia,was,4,10,9/21/2019
201902317,hou,ana,13,5,9/22/2019
201902318,sdn,ari,6,4,9/22/2019
201902319,tba,bos,4,7,9/22/2019
201902320,det,cha,6,3,9/22/2019
201902321,lan,col,7,4,9/22/2019
201902322,min,kca,12,8,9/22/2019
201902323,cin,nyn,3,6,9/22/2019
201902324,cle,phi,10,1,9/22/2019
201902325,mil,pit,4,3,9/22/2019
201902326,bal,sea,2,1,9/22/2019
201902327,atl,sfn,1,4,9/22/2019
201902328,chn,sln,2,3,9/22/2019
201902329,oak,tex,3,8,9/22/2019
201902330,nya,tor,8,3,9/22/2019
201902331,mia,was,5,3,9/22/2019
201902332,tor,bal,11,10,9/23/2019
201902333,tba,bos,7,4,9/23/2019
201902334,nyn,mia,4,8,9/23/2019
201902335,was,phi,7,2,9/23/2019
201902336,ari,sln,7,9,9/23/2019
201902337,kca,atl,9,6,9/24/2019
201902338,tor,bal,4,11,9/24/2019
201902339,tex,bos,10,12,9/24/2019
201902340,pit,chn,9,2,9/24/2019
201902341,cha,cle,0,11,9/24/2019
201902342,sfn,col,5,8,9/24/2019
201902343,sea,hou,0,3,9/24/2019
201902344,sdn,lan,3,6,9/24/2019
201902345,nyn,mia,5,4,9/24/2019
201902346,cin,mil,2,4,9/24/2019
201902347,det,min,2,4,9/24/2019
201902348,tba,nya,2,1,9/24/2019
201902349,ana,oak,3,2,9/24/2019
201902350,was,phi,4,1,9/24/2019
201902351,was,phi,6,5,9/24/2019
201902352,ari,sln,3,2,9/24/2019
201902353,kca,atl,2,10,9/25/2019
201902354,tor,bal,3,2,9/25/2019
201902355,tex,bos,3,10,9/25/2019
201902356,pit,chn,4,2,9/25/2019
201902357,cha,cle,8,3,9/25/2019
201902358,sfn,col,2,1,9/25/2019
201902359,sea,hou,0,3,9/25/2019
201902360,sdn,lan,4,6,9/25/2019
201902361,nyn,mia,10,3,9/25/2019
201902362,cin,mil,2,9,9/25/2019
201902363,det,min,1,5,9/25/2019
201902364,tba,nya,4,0,9/25/2019
201902365,ana,oak,2,3,9/25/2019
201902366,was,phi,5,2,9/25/2019
201902367,ari,sln,9,7,9/25/2019
201902368,tex,bos,7,5,9/26/2019
201902369,pit,chn,9,5,9/26/2019
201902370,cha,cle,8,0,9/26/2019
201902371,sfn,col,8,3,9/26/2019
201902372,ana,hou,4,3,9/26/2019
201902373,sdn,lan,0,1,9/26/2019
201902374,nyn,mia,2,4,9/26/2019
201902375,cin,mil,3,5,9/26/2019
201902376,det,min,4,10,9/26/2019
201902377,sea,oak,1,3,9/26/2019
201902378,was,phi,6,3,9/26/2019
201902379,nyn,atl,4,2,9/27/2019
201902380,bos,bal,1,4,9/27/2019
201902381,sln,chn,2,8,9/27/2019
201902382,pit,cin,6,5,9/27/2019
201902383,was,cle,8,2,9/27/2019
201902384,ana,hou,0,4,9/27/2019
201902385,sfn,lan,2,9,9/27/2019
201902386,phi,mia,5,4,9/27/2019
201902387,col,mil,11,7,9/27/2019
201902388,kca,min,2,6,9/27/2019
201902389,tex,nya,7,14,9/27/2019
201902390,sea,oak,4,3,9/27/2019
201902391,ari,sdn,6,3,9/27/2019
201902392,tor,tba,2,6,9/27/2019
201902393,nyn,atl,3,0,9/28/2019
201902394,bos,bal,4,9,9/28/2019
201902395,sln,chn,6,8,9/28/2019
201902396,pit,cin,2,4,9/28/2019
201902397,was,cle,10,7,9/28/2019
201902398,cha,det,7,1,9/28/2019
201902399,cha,det,3,4,9/28/2019
201902400,ana,hou,3,6,9/28/2019
201902401,sfn,lan,0,2,9/28/2019
201902402,phi,mia,9,3,9/28/2019
201902403,col,mil,3,2,9/28/2019
201902404,kca,min,3,4,9/28/2019
201902405,tex,nya,9,4,9/28/2019
201902406,sea,oak,0,1,9/28/2019
201902407,ari,sdn,6,5,9/28/2019
201902408,tor,tba,4,1,9/28/2019
